index ,level ,character ,pinyin
 7.79 ,一级  ,的        ,de
 7.79 ,四级  ,的        ,dí
 7.79 ,二级  ,的        ,dì
 7.17 ,一级  ,是        ,shì
 7.16 ,一级  ,在        ,zài
 7.14 ,三级  ,了        ,liǎo
 7.14 ,一级  ,了        ,le
 6.95 ,一级  ,我        ,wǒ
 6.86 ,一级  ,和        ,hé
 6.86 ,三级  ,和        ,huó
 6.86 ,高等  ,和        ,hè
 6.83 ,一级  ,有        ,yǒu
 6.76 ,一级  ,不        ,bù
 6.74 ,一级  ,人        ,rén
 6.7  ,一级  ,你        ,nǐ
 6.7  ,一级  ,也        ,yě
 6.69 ,二级  ,为        ,wéi
 6.69 ,二级  ,为        ,wèi
 6.68 ,一级  ,他        ,tā
 6.68 ,一级  ,这        ,zhè
 6.65 ,四级  ,中        ,zhòng
 6.65 ,一级  ,中        ,zhōng
 6.64 ,一级  ,年        ,nián
 6.64 ,四级  ,与        ,yǔ
 6.63 ,一级  ,对        ,duì
 6.6  ,一级  ,就        ,jiù
 6.59 ,一级  ,都        ,dōu
 6.59 ,三级  ,都        ,dū
 6.55 ,一级  ,说        ,shuō
 6.55 ,一级  ,上        ,shàng
 6.53 ,一级  ,吗        ,ma
 6.48 ,一级  ,到        ,dào
 6.48 ,四级  ,会        ,kuài
 6.48 ,一级  ,会        ,huì
 6.46 ,二级  ,要        ,yāo
 6.46 ,一级  ,要        ,yào
 6.45 ,一级  ,来        ,lái
 6.44 ,一级  ,月        ,yuè
 6.42 ,三级  ,被        ,bèi
 6.38 ,一级  ,还        ,huán
 6.38 ,一级  ,还        ,hái
 6.36 ,二级  ,而        ,ér
 6.35 ,一级  ,个        ,gè
 6.33 ,一级  ,后        ,hòu
 6.33 ,一级  ,等        ,děng
 6.32 ,二级  ,但        ,dàn
 6.31 ,二级  ,于        ,yú
 6.3  ,一级  ,日        ,rì
 6.29 ,三级  ,将        ,jiāng
 6.29 ,三级  ,并        ,bìng
 6.29 ,一级  ,能        ,néng
 6.29 ,高等  ,将        ,jiàng
 6.27 ,一级  ,一        ,yī
 6.27 ,一级  ,很        ,hěn
 6.26 ,二级  ,让        ,ràng
 6.25 ,一级  ,从        ,cóng
 6.24 ,二级  ,以        ,yǐ
 6.24 ,一级  ,好        ,hào
 6.24 ,一级  ,好        ,hǎo
 6.23 ,一级  ,大        ,dà
 6.23 ,三级  ,大        ,dài
 6.23 ,一级  ,她        ,tā
 6.22 ,高等  ,着        ,zhuó
 6.22 ,四级  ,着        ,zháo
 6.22 ,一级  ,着        ,zhe
 6.21 ,一级  ,多        ,duō
 6.18 ,一级  ,给        ,gěi
 6.18 ,六级  ,给        ,jǐ
 6.18 ,一级  ,时        ,shí
 6.17 ,三级  ,把        ,bǎ
 6.16 ,一级  ,看        ,kàn
 6.16 ,六级  ,看        ,kān
 6.16 ,一级  ,去        ,qù
 6.14 ,二级  ,又        ,yòu
 6.12 ,二级  ,或        ,huò
 6.1  ,一级  ,下        ,xià
 6.1  ,二级  ,过        ,guo
 6.1  ,四级  ,之        ,zhī
 6.1  ,一级  ,过        ,guò
 6.09 ,一级  ,里        ,lǐ
 6.09 ,一级  ,新        ,xīn
 6.08 ,一级  ,地        ,dì
 6.08 ,一级  ,地        ,de
 6.08 ,一级  ,做        ,zuò
 6.08 ,二级  ,由        ,yóu
 6.08 ,三级  ,及        ,jí
 6.07 ,六级  ,没        ,mò
 6.07 ,一级  ,用        ,yòng
 6.07 ,一级  ,没        ,méi
 6.06 ,五级  ,更        ,gēng
 6.06 ,二级  ,更        ,gèng
 6.04 ,四级  ,得        ,děi
 6.04 ,一级  ,得        ,dé
 6.04 ,二级  ,所        ,suǒ
 6.04 ,二级  ,得        ,de
 6.03 ,一级  ,想        ,xiǎng
 6.03 ,一级  ,最        ,zuì
 6.02 ,二级  ,它        ,tā
 6.01 ,一级  ,那        ,nà
 5.98 ,四级  ,吧        ,bā
 5.98 ,一级  ,三        ,sān
 5.98 ,一级  ,吧        ,ba
 5.98 ,二级  ,可        ,kě
 5.96 ,二级  ,该        ,gāi
 5.96 ,二级  ,其        ,qí
 5.94 ,二级  ,只        ,zhǐ
 5.94 ,三级  ,只        ,zhī
 5.94 ,二级  ,向        ,xiàng
 5.93 ,一级  ,前        ,qián
 5.92 ,二级  ,啊        ,a
 5.92 ,四级  ,啊        ,ā
 5.92 ,一级  ,出        ,chū
 5.92 ,二级  ,已        ,yǐ
 5.89 ,六级  ,当        ,dàng
 5.89 ,二级  ,当        ,dāng
 5.89 ,一级  ,小        ,xiǎo
 5.89 ,一级  ,再        ,zài
 5.88 ,四级  ,却        ,què
 5.88 ,一级  ,们        ,men
 5.88 ,三级  ,内        ,nèi
 5.87 ,二级  ,才        ,cái
 5.86 ,一级  ,爱        ,ài
 5.85 ,一级  ,谁        ,shuí
 5.85 ,一级  ,谁        ,shéi
 5.85 ,一级  ,第        ,dì
 5.82 ,一级  ,号        ,hào
 5.79 ,一级  ,事        ,shì
 5.79 ,一级  ,快        ,kuài
 5.78 ,一级  ,比        ,bǐ
 5.78 ,一级  ,跟        ,gēn
 5.77 ,二级  ,长        ,cháng
 5.77 ,二级  ,长        ,zhǎng
 5.77 ,一级  ,请        ,qǐng
 5.76 ,一级  ,呢        ,ne
 5.75 ,一级  ,高        ,gāo
 5.73 ,四级  ,则        ,zé
 5.72 ,一级  ,钱        ,qián
 5.72 ,三级  ,至        ,zhì
 5.7  ,二级  ,使        ,shǐ
 5.7  ,二级  ,万        ,wàn
 5.7  ,一级  ,点        ,diǎn
 5.7  ,二级  ,像        ,xiàng
 5.69 ,一级  ,听        ,tīng
 5.68 ,三级  ,此        ,cǐ
 5.68 ,一级  ,起        ,qǐ
 5.67 ,二级  ,自        ,zì
 5.67 ,一级  ,两        ,liǎng
 5.66 ,二级  ,如        ,rú
 5.66 ,一级  ,走        ,zǒu
 5.66 ,一级  ,国        ,guó
 5.66 ,二级  ,带        ,dài
 5.65 ,一级  ,岁        ,suì
 5.65 ,三级  ,较        ,jiào
 5.65 ,四级  ,无        ,wú
 5.65 ,一级  ,话        ,huà
 5.65 ,一级  ,吃        ,chī
 5.64 ,二级  ,者        ,zhě
 5.64 ,一级  ,太        ,tài
 5.64 ,三级  ,约        ,yuē
 5.64 ,一级  ,么        ,me
 5.64 ,三级  ,区        ,qū
 5.64 ,一级  ,家        ,jiā
 5.63 ,一级  ,开        ,kāi
 5.63 ,一级  ,问        ,wèn
 5.62 ,一级  ,站        ,zhàn
 5.61 ,一级  ,元        ,yuán
 5.61 ,二级  ,成        ,chéng
 5.61 ,一级  ,写        ,xiě
 5.61 ,二级  ,因        ,yīn
 5.6  ,四级  ,打        ,dá
 5.6  ,一级  ,打        ,dǎ
 5.59 ,四级  ,分        ,fèn
 5.59 ,一级  ,分        ,fēn
 5.59 ,一级  ,见        ,jiàn
 5.59 ,三级  ,死        ,sǐ
 5.58 ,三级  ,曾        ,céng
 5.58 ,一级  ,买        ,mǎi
 5.58 ,一级  ,叫        ,jiào
 5.58 ,一级  ,图        ,tú
 5.56 ,一级  ,道        ,dào
 5.56 ,四级  ,即        ,jí
 5.55 ,一级  ,天        ,tiān
 5.55 ,三级  ,总        ,zǒng
 5.54 ,二级  ,应        ,yìng
 5.54 ,二级  ,应        ,yīng
 5.54 ,一级  ,正        ,zhèng
 5.54 ,三级  ,另        ,lìng
 5.53 ,二级  ,便        ,biàn
 5.53 ,六级  ,党        ,dǎng
 5.53 ,二级  ,便        ,pián
 5.53 ,五级  ,间        ,jiàn
 5.53 ,一级  ,间        ,jiān
 5.52 ,一级  ,干        ,gàn
 5.52 ,一级  ,干        ,gān
 5.52 ,三级  ,达        ,dá
 5.52 ,二级  ,发        ,fà
 5.52 ,二级  ,发        ,fā
 5.52 ,一级  ,本        ,běn
 5.52 ,一级  ,名        ,míng
 5.51 ,一级  ,找        ,zhǎo
 5.51 ,二级  ,称        ,chēng
 5.51 ,二级  ,称        ,chèn
 5.5  ,一级  ,您        ,nín
 5.5  ,一级  ,玩        ,wán
 5.49 ,一级  ,进        ,jìn
 5.49 ,四级  ,县        ,xiàn
 5.49 ,二级  ,受        ,shòu
 5.49 ,一级  ,真        ,zhēn
 5.48 ,四级  ,种        ,zhòng
 5.48 ,一级  ,女        ,nǚ
 5.48 ,三级  ,每        ,měi
 5.48 ,三级  ,处        ,chǔ
 5.48 ,二级  ,处        ,chù
 5.48 ,三级  ,种        ,zhǒng
 5.47 ,二级  ,市        ,shì
 5.47 ,三级  ,各        ,gè
 5.46 ,一级  ,网        ,wǎng
 5.46 ,一级  ,作        ,zuò
 5.46 ,四级  ,未        ,wèi
 5.46 ,二级  ,位        ,wèi
 5.46 ,一级  ,老        ,lǎo
 5.46 ,一级  ,次        ,cì
 5.46 ,二级  ,省        ,shěng
 5.46 ,高等  ,省        ,xǐng
 5.45 ,一级  ,外        ,wài
 5.45 ,二级  ,经        ,jīng
 5.44 ,六级  ,副        ,fù
 5.44 ,一级  ,马        ,mǎ
 5.43 ,二级  ,行        ,háng
 5.43 ,三级  ,连        ,lián
 5.43 ,一级  ,行        ,xíng
 5.43 ,三级  ,美        ,měi
 5.43 ,一级  ,路        ,lù
 5.42 ,三级  ,制        ,zhì
 5.42 ,一级  ,拿        ,ná
 5.41 ,四级  ,哪        ,na
 5.41 ,一级  ,同        ,tóng
 5.41 ,三级  ,仍        ,réng
 5.41 ,一级  ,哪        ,nǎ
 5.41 ,五级  ,军        ,jūn
 5.4  ,二级  ,占        ,zhàn
 5.4  ,三级  ,台        ,tái
 5.4  ,五级  ,杀        ,shā
 5.4  ,一级  ,先        ,xiān
 5.39 ,一级  ,学        ,xué
 5.39 ,一级  ,非        ,fēi
 5.39 ,一级  ,二        ,èr
 5.39 ,一级  ,住        ,zhù
 5.39 ,三级  ,据        ,jù
 5.38 ,一级  ,回        ,huí
 5.38 ,高等  ,亦        ,yì
 5.38 ,高等  ,别        ,biè
 5.38 ,一级  ,别        ,bié
 5.38 ,一级  ,书        ,shū
 5.36 ,二级  ,心        ,xīn
 5.36 ,二级  ,讲        ,jiǎng
 5.35 ,一级  ,送        ,sòng
 5.35 ,一级  ,条        ,tiáo
 5.35 ,三级  ,反        ,fǎn
 5.34 ,六级  ,啦        ,la
 5.34 ,五级  ,版        ,bǎn
 5.33 ,三级  ,性        ,xìng
 5.33 ,三级  ,指        ,zhǐ
 5.32 ,一级  ,期        ,qī
 5.32 ,二级  ,法        ,fǎ
 5.32 ,四级  ,均        ,jūn
 5.31 ,一级  ,米        ,mǐ
 5.31 ,二级  ,全        ,quán
 5.31 ,二级  ,变        ,biàn
 5.3  ,一级  ,水        ,shuǐ
 5.3  ,一级  ,生        ,shēng
 5.3  ,二级  ,共        ,gòng
 5.28 ,三级  ,派        ,pài
 5.27 ,五级  ,搞        ,gǎo
 5.27 ,一级  ,车        ,chē
 5.26 ,二级  ,级        ,jí
 5.26 ,一级  ,手        ,shǒu
 5.26 ,二级  ,原        ,yuán
 5.26 ,三级  ,类        ,lèi
 5.25 ,一级  ,场        ,chǎng
 5.25 ,一级  ,些        ,xiē
 5.24 ,三级  ,按        ,àn
 5.24 ,三级  ,线        ,xiàn
 5.24 ,四级  ,型        ,xíng
 5.23 ,二级  ,靠        ,kào
 5.23 ,二级  ,亿        ,yì
 5.23 ,二级  ,报        ,bào
 5.23 ,六级  ,若        ,ruò
 5.23 ,一级  ,跑        ,pǎo
 5.23 ,一级  ,男        ,nán
 5.23 ,高等  ,哦        ,ò
 5.22 ,一级  ,少        ,shǎo
 5.22 ,二级  ,队        ,duì
 5.22 ,二级  ,加        ,jiā
 5.22 ,二级  ,少        ,shào
 5.22 ,二级  ,拉        ,lā
 5.21 ,四级  ,系        ,jì
 5.21 ,一级  ,系        ,xì
 5.21 ,三级  ,拍        ,pāi
 5.21 ,二级  ,且        ,qiě
 5.21 ,二级  ,低        ,dī
 5.21 ,一级  ,门        ,mén
 5.21 ,一级  ,放        ,fàng
 5.2  ,三级  ,金        ,jīn
 5.2  ,一级  ,穿        ,chuān
 5.2  ,三级  ,式        ,shì
 5.2  ,二级  ,完        ,wán
 5.2  ,一级  ,笑        ,xiào
 5.2  ,一级  ,西        ,xī
 5.2  ,二级  ,近        ,jìn
 5.19 ,二级  ,越        ,yuè
 5.19 ,三级  ,属        ,shǔ
 5.19 ,一级  ,难        ,nán
 5.19 ,三级  ,强        ,qiáng
 5.19 ,高等  ,强        ,jiàng
 5.19 ,五级  ,强        ,qiǎng
 5.19 ,二级  ,选        ,xuǎn
 5.19 ,五级  ,难        ,nàn
 5.18 ,六级  ,转        ,zhuàn
 5.18 ,一级  ,四        ,sì
 5.18 ,三级  ,谈        ,tán
 5.18 ,三级  ,张        ,zhāng
 5.18 ,三级  ,任        ,rèn
 5.18 ,三级  ,转        ,zhuǎn
 5.18 ,三级  ,抓        ,zhuā
 5.18 ,二级  ,办        ,bàn
 5.17 ,二级  ,狗        ,gǒu
 5.17 ,一级  ,字        ,zì
 5.17 ,二级  ,卖        ,mài
 5.17 ,二级  ,黑        ,hēi
 5.17 ,一级  ,帮        ,bāng
 5.17 ,三级  ,仅        ,jǐn
 5.17 ,一级  ,东        ,dōng
 5.17 ,一级  ,动        ,dòng
 5.16 ,五级  ,届        ,jiè
 5.16 ,二级  ,黄        ,huáng
 5.16 ,二级  ,部        ,bù
 5.16 ,一级  ,花        ,huā
 5.16 ,二级  ,相        ,xiàng
 5.16 ,一级  ,早        ,zǎo
 5.16 ,二级  ,相        ,xiāng
 5.15 ,二级  ,主        ,zhǔ
 5.15 ,二级  ,段        ,duàn
 5.15 ,一级  ,子        ,zǐ
 5.14 ,一级  ,关        ,guān
 5.14 ,二级  ,件        ,jiàn
 5.14 ,二级  ,信        ,xìn
 5.14 ,二级  ,提        ,tí
 5.14 ,二级  ,算        ,suàn
 5.14 ,高等  ,提        ,dī
 5.13 ,五级  ,令        ,lìng
 5.13 ,三级  ,需        ,xū
 5.13 ,三级  ,管        ,guǎn
 5.13 ,一级  ,五        ,wǔ
 5.13 ,一级  ,错        ,cuò
 5.12 ,二级  ,刚        ,gāng
 5.12 ,一级  ,远        ,yuǎn
 5.11 ,一级  ,面        ,miàn
 5.11 ,一级  ,重        ,zhòng
 5.11 ,二级  ,王        ,wáng
 5.11 ,二级  ,重        ,chóng
 5.11 ,六级  ,嘛        ,ma
 5.1  ,二级  ,倒        ,dào
 5.1  ,二级  ,倒        ,dǎo
 5.1  ,三级  ,神        ,shén
 5.1  ,二级  ,数        ,shǔ
 5.1  ,三级  ,城        ,chéng
 5.1  ,二级  ,数        ,shù
 5.1  ,三级  ,设        ,shè
 5.09 ,三级  ,员        ,yuán
 5.09 ,一级  ,几        ,jǐ
 5.09 ,四级  ,几        ,jī
 5.09 ,四级  ,既        ,jì
 5.09 ,三级  ,团        ,tuán
 5.09 ,二级  ,求        ,qiú
 5.09 ,四级  ,权        ,quán
 5.08 ,六级  ,镇        ,zhèn
 5.08 ,六级  ,逼        ,bī
 5.08 ,二级  ,入        ,rù
 5.08 ,三级  ,群        ,qún
 5.07 ,一级  ,教        ,jiāo
 5.07 ,一级  ,教        ,jiào
 5.07 ,四级  ,呀        ,ya
 5.07 ,一级  ,现        ,xiàn
 5.07 ,三级  ,乡        ,xiāng
 5.07 ,二级  ,组        ,zǔ
 5.07 ,二级  ,头        ,tóu
 5.07 ,四级  ,获        ,huò
 5.06 ,五级  ,德        ,dé
 5.06 ,四级  ,奖        ,jiǎng
 5.06 ,一级  ,南        ,nán
 5.05 ,一级  ,机        ,jī
 5.05 ,三级  ,集        ,jí
 5.05 ,二级  ,定        ,dìng
 5.05 ,二级  ,脸        ,liǎn
 5.05 ,一级  ,读        ,dú
 5.05 ,二级  ,懂        ,dǒng
 5.04 ,一级  ,常        ,cháng
 5.04 ,高等  ,州        ,zhōu
 5.04 ,一级  ,电        ,diàn
 5.04 ,一级  ,假        ,jià
 5.04 ,二级  ,假        ,jiǎ
 5.03 ,二级  ,活        ,huó
 5.03 ,二级  ,换        ,huàn
 5.03 ,二级  ,改        ,gǎi
 5.03 ,二级  ,特        ,tè
 5.03 ,四级  ,项        ,xiàng
 5.02 ,二级  ,离        ,lí
 5.02 ,二级  ,往        ,wǎng
 5.02 ,一级  ,妈        ,mā
 5.01 ,四级  ,亚        ,yà
 5.01 ,三级  ,传        ,chuán
 5.01 ,高等  ,传        ,zhuàn
 5.01 ,一级  ,坐        ,zuò
 5.01 ,三级  ,旧        ,jiù
 5.01 ,四级  ,梦        ,mèng
 5.0  ,三级  ,赢        ,yíng
 5.0  ,二级  ,随        ,suí
 5.0  ,一级  ,体        ,tǐ
 5.0  ,四级  ,著        ,zhù
 5.0  ,二级  ,卡        ,kǎ
 5.0  ,高等  ,喝        ,hè
 5.0  ,高等  ,卡        ,qiǎ
 5.0  ,二级  ,云        ,yún
 5.0  ,一级  ,喝        ,hē
 4.99 ,三级  ,值        ,zhí
 4.99 ,一级  ,热        ,rè
 4.99 ,一级  ,山        ,shān
 4.99 ,一级  ,文        ,wén
 4.99 ,一级  ,语        ,yǔ
 4.99 ,二级  ,周        ,zhōu
 4.99 ,六级  ,遭        ,zāo
 4.99 ,高等  ,斯        ,sī
 4.99 ,二级  ,单        ,dān
 4.99 ,二级  ,度        ,dù
 4.98 ,三级  ,某        ,mǒu
 4.98 ,一级  ,北        ,běi
 4.98 ,一级  ,明        ,míng
 4.98 ,三级  ,双        ,shuāng
 4.98 ,一级  ,页        ,yè
 4.98 ,一级  ,今        ,jīn
 4.98 ,高等  ,皆        ,jiē
 4.98 ,二级  ,科        ,kē
 4.98 ,四级  ,史        ,shǐ
 4.98 ,二级  ,久        ,jiǔ
 4.97 ,一级  ,六        ,liù
 4.97 ,四级  ,尽        ,jìn
 4.97 ,三级  ,尽        ,jǐn
 4.97 ,三级  ,除        ,chú
 4.97 ,四级  ,案        ,àn
 4.97 ,三级  ,村        ,cūn
 4.97 ,一级  ,师        ,shī
 4.97 ,高等  ,兼        ,jiān
 4.97 ,一级  ,半        ,bàn
 4.97 ,三级  ,光        ,guāng
 4.96 ,三级  ,救        ,jiù
 4.96 ,一级  ,包        ,bāo
 4.96 ,三级  ,化        ,huà
 4.96 ,五级  ,尔        ,ěr
 4.96 ,三级  ,李        ,lǐ
 4.96 ,二级  ,街        ,jiē
 4.96 ,四级  ,官        ,guān
 4.96 ,一级  ,睡        ,shuì
 4.95 ,二级  ,克        ,kè
 4.95 ,六级  ,驻        ,zhù
 4.95 ,四级  ,卷        ,juǎn
 4.95 ,二级  ,怕        ,pà
 4.95 ,四级  ,卷        ,juàn
 4.95 ,一级  ,块        ,kuài
 4.95 ,二级  ,言        ,yán
 4.95 ,二级  ,红        ,hóng
 4.95 ,三级  ,格        ,gé
 4.95 ,四级  ,阿        ,ā
 4.95 ,三级  ,初        ,chū
 4.95 ,二级  ,词        ,cí
 4.94 ,五级  ,差        ,chā
 4.94 ,一级  ,风        ,fēng
 4.94 ,二级  ,超        ,chāo
 4.94 ,二级  ,论        ,lùn
 4.94 ,五级  ,差        ,chāi
 4.94 ,三级  ,产        ,chǎn
 4.94 ,高等  ,陈        ,chén
 4.94 ,一级  ,差        ,chà
 4.93 ,二级  ,接        ,jiē
 4.93 ,二级  ,掉        ,diào
 4.93 ,二级  ,画        ,huà
 4.93 ,一级  ,坏        ,huài
 4.93 ,四级  ,战        ,zhàn
 4.93 ,四级  ,贴        ,tiē
 4.93 ,二级  ,节        ,jié
 4.93 ,三级  ,极        ,jí
 4.93 ,二级  ,份        ,fèn
 4.93 ,二级  ,查        ,chá
 4.92 ,二级  ,量        ,liàng
 4.92 ,四级  ,量        ,liáng
 4.92 ,三级  ,待        ,dài
 4.92 ,一级  ,口        ,kǒu
 4.92 ,二级  ,安        ,ān
 4.92 ,五级  ,待        ,dāi
 4.92 ,五级  ,枪        ,qiāng
 4.92 ,二级  ,合        ,hé
 4.91 ,四级  ,操        ,cāo
 4.91 ,二级  ,取        ,qǔ
 4.91 ,一级  ,方        ,fāng
 4.9  ,四级  ,投        ,tóu
 4.9  ,一级  ,白        ,bái
 4.9  ,二级  ,表        ,biǎo
 4.9  ,五级  ,骗        ,piàn
 4.9  ,三级  ,挂        ,guà
 4.9  ,三级  ,领        ,lǐng
 4.89 ,四级  ,倍        ,bèi
 4.89 ,二级  ,复        ,fù
 4.89 ,三级  ,建        ,jiàn
 4.89 ,三级  ,注        ,zhù
 4.89 ,一级  ,毛        ,máo
 4.89 ,二级  ,清        ,qīng
 4.89 ,二级  ,装        ,zhuāng
 4.88 ,二级  ,收        ,shōu
 4.88 ,二级  ,力        ,lì
 4.88 ,三级  ,厂        ,chǎng
 4.88 ,二级  ,层        ,céng
 4.87 ,一级  ,忙        ,máng
 4.87 ,一级  ,病        ,bìng
 4.87 ,三级  ,深        ,shēn
 4.87 ,高等  ,片        ,piān
 4.87 ,二级  ,片        ,piàn
 4.87 ,一级  ,飞        ,fēi
 4.87 ,二级  ,故        ,gù
 4.87 ,三级  ,追        ,zhuī
 4.87 ,二级  ,推        ,tuī
 4.86 ,二级  ,短        ,duǎn
 4.86 ,二级  ,脚        ,jiǎo
 4.86 ,一级  ,班        ,bān
 4.86 ,三级  ,乱        ,luàn
 4.86 ,二级  ,海        ,hǎi
 4.85 ,一级  ,左        ,zuǒ
 4.85 ,高等  ,罗        ,luó
 4.85 ,三级  ,龙        ,lóng
 4.85 ,一级  ,记        ,jì
 4.85 ,二级  ,交        ,jiāo
 4.85 ,二级  ,够        ,gòu
 4.85 ,二级  ,挺        ,tǐng
 4.85 ,五级  ,秒        ,miǎo
 4.85 ,六级  ,岛        ,dǎo
 4.84 ,一级  ,牛        ,niú
 4.84 ,三级  ,敢        ,gǎn
 4.84 ,高等  ,供        ,gòng
 4.84 ,三级  ,跳        ,tiào
 4.84 ,四级  ,冲        ,chōng
 4.84 ,四级  ,供        ,gōng
 4.84 ,二级  ,哭        ,kū
 4.84 ,一级  ,馆        ,guǎn
 4.84 ,六级  ,冲        ,chòng
 4.83 ,四级  ,局        ,jú
 4.83 ,二级  ,照        ,zhào
 4.83 ,一级  ,忘        ,wàng
 4.83 ,三级  ,调        ,diào
 4.83 ,三级  ,调        ,tiáo
 4.83 ,一级  ,球        ,qiú
 4.83 ,一级  ,店        ,diàn
 4.83 ,二级  ,实        ,shí
 4.82 ,三级  ,象        ,xiàng
 4.82 ,二级  ,通        ,tōng
 4.82 ,一级  ,儿        ,ér
 4.82 ,四级  ,率        ,lǜ
 4.82 ,三级  ,义        ,yì
 4.82 ,六级  ,赚        ,zhuàn
 4.82 ,二级  ,座        ,zuò
 4.82 ,一级  ,楼        ,lóu
 4.82 ,四级  ,率        ,shuài
 4.82 ,二级  ,篇        ,piān
 4.82 ,一级  ,视        ,shì
 4.81 ,二级  ,鱼        ,yú
 4.81 ,一级  ,七        ,qī
 4.81 ,二级  ,声        ,shēng
 4.81 ,四级  ,轮        ,lún
 4.81 ,一级  ,肉        ,ròu
 4.8  ,六级  ,股        ,gǔ
 4.8  ,二级  ,物        ,wù
 4.8  ,二级  ,室        ,shì
 4.8  ,四级  ,府        ,fǔ
 4.8  ,二级  ,意        ,yì
 4.8  ,六级  ,罪        ,zuì
 4.8  ,五级  ,抢        ,qiǎng
 4.8  ,三级  ,费        ,fèi
 4.8  ,一级  ,知        ,zhī
 4.8  ,二级  ,弄        ,nòng
 4.8  ,二级  ,留        ,liú
 4.79 ,二级  ,英        ,yīng
 4.79 ,三级  ,布        ,bù
 4.79 ,二级  ,情        ,qíng
 4.79 ,五级  ,骂        ,mà
 4.79 ,四级  ,林        ,lín
 4.79 ,四级  ,替        ,tì
 4.78 ,二级  ,船        ,chuán
 4.78 ,二级  ,平        ,píng
 4.78 ,五级  ,厅        ,tīng
 4.78 ,二级  ,乐        ,yuè
 4.78 ,一级  ,边        ,biān
 4.78 ,一级  ,歌        ,gē
 4.78 ,五级  ,鬼        ,guǐ
 4.78 ,二级  ,乐        ,lè
 4.78 ,五级  ,猜        ,cāi
 4.78 ,二级  ,业        ,yè
 4.78 ,二级  ,愿        ,yuàn
 4.77 ,二级  ,酒        ,jiǔ
 4.77 ,一级  ,九        ,jiǔ
 4.77 ,三级  ,血        ,xiě
 4.77 ,二级  ,感        ,gǎn
 4.77 ,六级  ,血        ,xuè
 4.77 ,三级  ,猪        ,zhū
 4.77 ,五级  ,丢        ,diū
 4.76 ,高等  ,藏        ,zàng
 4.76 ,高等  ,韩        ,hán
 4.76 ,三级  ,输        ,shū
 4.76 ,六级  ,藏        ,cáng
 4.76 ,三级  ,破        ,pò
 4.76 ,一级  ,票        ,piào
 4.76 ,三级  ,命        ,mìng
 4.76 ,一级  ,房        ,fáng
 4.76 ,二级  ,色        ,sè
 4.75 ,二级  ,满        ,mǎn
 4.75 ,三级  ,首        ,shǒu
 4.75 ,二级  ,轻        ,qīng
 4.75 ,三级  ,具        ,jù
 4.75 ,一级  ,气        ,qì
 4.75 ,三级  ,基        ,jī
 4.75 ,四级  ,编        ,biān
 4.74 ,高等  ,圈        ,juàn
 4.74 ,一级  ,十        ,shí
 4.74 ,一级  ,晚        ,wǎn
 4.74 ,二级  ,河        ,hé
 4.74 ,四级  ,圈        ,quān
 4.74 ,二级  ,草        ,cǎo
 4.74 ,四级  ,归        ,guī
 4.74 ,五级  ,款        ,kuǎn
 4.74 ,三级  ,怪        ,guài
 4.74 ,三级  ,器        ,qì
 4.74 ,四级  ,抱        ,bào
 4.73 ,一级  ,身        ,shēn
 4.73 ,二级  ,猫        ,māo
 4.73 ,一级  ,试        ,shì
 4.73 ,三级  ,朝        ,cháo
 4.73 ,三级  ,亲        ,qīn
 4.73 ,高等  ,朝        ,zhāo
 4.73 ,一级  ,课        ,kè
 4.73 ,五级  ,吨        ,dūn
 4.73 ,一级  ,八        ,bā
 4.73 ,五级  ,棒        ,bàng
 4.72 ,高等  ,辖        ,xiá
 4.72 ,二级  ,药        ,yào
 4.72 ,二级  ,腿        ,tuǐ
 4.72 ,四级  ,戴        ,dài
 4.72 ,五级  ,托        ,tuō
 4.72 ,二级  ,题        ,tí
 4.72 ,六级  ,苏        ,sū
 4.72 ,二级  ,公        ,gōng
 4.71 ,二级  ,流        ,liú
 4.71 ,二级  ,鸟        ,niǎo
 4.71 ,五级  ,射        ,shè
 4.71 ,六级  ,圣        ,shèng
 4.71 ,四级  ,诗        ,shī
 4.71 ,四级  ,户        ,hù
 4.71 ,五级  ,陪        ,péi
 4.71 ,二级  ,虽        ,suī
 4.71 ,六级  ,欲        ,yù
 4.71 ,二级  ,铁        ,tiě
 4.71 ,三级  ,哈        ,hā
 4.7  ,三级  ,族        ,zú
 4.7  ,一级  ,星        ,xīng
 4.7  ,一级  ,饭        ,fàn
 4.7  ,三级  ,古        ,gǔ
 4.7  ,六级  ,犯        ,fàn
 4.7  ,一级  ,鸡        ,jī
 4.7  ,三级  ,负        ,fù
 4.7  ,四级  ,巴        ,bā
 4.7  ,二级  ,停        ,tíng
 4.7  ,二级  ,利        ,lì
 4.7  ,四级  ,治        ,zhì
 4.7  ,三级  ,立        ,lì
 4.7  ,三级  ,代        ,dài
 4.7  ,三级  ,华        ,huá
 4.69 ,二级  ,目        ,mù
 4.69 ,三级  ,造        ,zào
 4.69 ,四级  ,依        ,yī
 4.69 ,高等  ,欧        ,ōu
 4.69 ,三级  ,伤        ,shāng
 4.69 ,一级  ,唱        ,chàng
 4.69 ,二级  ,嘴        ,zuǐ
 4.69 ,二级  ,须        ,xū
 4.69 ,四级  ,质        ,zhì
 4.69 ,五级  ,吓        ,xià
 4.69 ,高等  ,吓        ,hè
 4.68 ,六级  ,塔        ,tǎ
 4.68 ,二级  ,必        ,bì
 4.68 ,三级  ,营        ,yíng
 4.68 ,二级  ,计        ,jì
 4.68 ,一级  ,准        ,zhǔn
 4.68 ,二级  ,封        ,fēng
 4.68 ,二级  ,直        ,zhí
 4.67 ,四级  ,载        ,zài
 4.67 ,五级  ,载        ,zǎi
 4.67 ,五级  ,凭        ,píng
 4.67 ,三级  ,赛        ,sài
 4.67 ,三级  ,根        ,gēn
 4.67 ,六级  ,港        ,gǎng
 4.67 ,三级  ,专        ,zhuān
 4.67 ,四级  ,宽        ,kuān
 4.67 ,二级  ,理        ,lǐ
 4.67 ,高等  ,俄        ,é
 4.67 ,三级  ,职        ,zhí
 4.67 ,二级  ,观        ,guān
 4.67 ,四级  ,含        ,hán
 4.67 ,三级  ,章        ,zhāng
 4.66 ,二级  ,墙        ,qiáng
 4.66 ,二级  ,借        ,jiè
 4.66 ,六级  ,搭        ,dā
 4.66 ,四级  ,宝        ,bǎo
 4.66 ,三级  ,绝        ,jué
 4.66 ,二级  ,辆        ,liàng
 4.66 ,四级  ,微        ,wēi
 4.66 ,一级  ,树        ,shù
 4.66 ,一级  ,杯        ,bēi
 4.66 ,二级  ,养        ,yǎng
 4.65 ,三级  ,修        ,xiū
 4.65 ,二级  ,运        ,yùn
 4.65 ,二级  ,套        ,tào
 4.65 ,二级  ,急        ,jí
 4.65 ,三级  ,界        ,jiè
 4.65 ,一级  ,火        ,huǒ
 4.65 ,高等  ,尼        ,ní
 4.65 ,二级  ,吹        ,chuī
 4.65 ,三级  ,社        ,shè
 4.64 ,六级  ,纳        ,nà
 4.64 ,高等  ,奥        ,ào
 4.64 ,一级  ,贵        ,guì
 4.64 ,三级  ,支        ,zhī
 4.64 ,一级  ,零        ,líng
 4.64 ,三级  ,压        ,yā
 4.64 ,六级  ,波        ,bō
 4.64 ,四级  ,列        ,liè
 4.64 ,高等  ,呈        ,chéng
 4.64 ,六级  ,剑        ,jiàn
 4.64 ,一级  ,院        ,yuàn
 4.63 ,三级  ,架        ,jià
 4.63 ,四级  ,余        ,yú
 4.63 ,三级  ,保        ,bǎo
 4.63 ,二级  ,绿        ,lǜ
 4.63 ,二级  ,例        ,lì
 4.63 ,四级  ,置        ,zhì
 4.63 ,三级  ,紧        ,jǐn
 4.63 ,一级  ,冷        ,lěng
 4.63 ,三级  ,升        ,shēng
 4.63 ,三级  ,联        ,lián
 4.63 ,五级  ,库        ,kù
 4.63 ,一级  ,慢        ,màn
 4.63 ,六级  ,跨        ,kuà
 4.62 ,二级  ,钟        ,zhōng
 4.62 ,三级  ,世        ,shì
 4.62 ,高等  ,赴        ,fù
 4.62 ,三级  ,演        ,yǎn
 4.62 ,六级  ,哇        ,wa
 4.62 ,四级  ,致        ,zhì
 4.62 ,一级  ,洗        ,xǐ
 4.62 ,六级  ,端        ,duān
 4.62 ,一级  ,哥        ,gē
 4.62 ,四级  ,尚        ,shàng
 4.62 ,二级  ,空        ,kòng
 4.62 ,二级  ,空        ,kōng
 4.62 ,五级  ,拜        ,bài
 4.62 ,一级  ,茶        ,chá
 4.62 ,三级  ,戏        ,xì
 4.62 ,一级  ,菜        ,cài
 4.62 ,四级  ,维        ,wéi
 4.61 ,三级  ,桥        ,qiáo
 4.61 ,一级  ,考        ,kǎo
 4.61 ,三级  ,解        ,jiě
 4.61 ,二级  ,板        ,bǎn
 4.61 ,三级  ,结        ,jiē
 4.61 ,二级  ,句        ,jù
 4.61 ,三级  ,形        ,xíng
 4.61 ,二级  ,广        ,guǎng
 4.61 ,三级  ,刀        ,dāo
 4.61 ,二级  ,结        ,jié
 4.61 ,四级  ,引        ,yǐn
 4.61 ,高等  ,刘        ,liú
 4.61 ,二级  ,参        ,cān
 4.61 ,五级  ,逃        ,táo
 4.61 ,四级  ,码        ,mǎ
 4.61 ,高等  ,伊        ,yī
 4.61 ,二级  ,蓝        ,lán
 4.6  ,六级  ,税        ,shuì
 4.6  ,高等  ,降        ,xiáng
 4.6  ,四级  ,降        ,jiàng
 4.6  ,四级  ,俩        ,liǎ
 4.6  ,四级  ,摆        ,bǎi
 4.6  ,三级  ,易        ,yì
 4.6  ,三级  ,术        ,shù
 4.59 ,三级  ,夫        ,fū
 4.59 ,一级  ,右        ,yòu
 4.59 ,五级  ,硬        ,yìng
 4.59 ,六级  ,毁        ,huǐ
 4.59 ,五级  ,疯        ,fēng
 4.59 ,三级  ,剧        ,jù
 4.59 ,三级  ,币        ,bì
 4.59 ,四级  ,盖        ,gài
 4.59 ,三级  ,众        ,zhòng
 4.59 ,高等  ,吻        ,wěn
 4.59 ,三级  ,搬        ,bān
 4.59 ,高等  ,杨        ,yáng
 4.58 ,三级  ,何        ,hé
 4.58 ,三级  ,民        ,mín
 4.58 ,三级  ,步        ,bù
 4.58 ,四级  ,躺        ,tǎng
 4.58 ,一级  ,答        ,dá
 4.58 ,二级  ,答        ,dā
 4.58 ,一级  ,饿        ,è
 4.58 ,三级  ,争        ,zhēng
 4.58 ,三级  ,背        ,bēi
 4.58 ,二级  ,背        ,bèi
 4.58 ,三级  ,奇        ,qí
 4.58 ,高等  ,创        ,chuāng
 4.58 ,三级  ,创        ,chuàng
 4.58 ,三级  ,持        ,chí
 4.57 ,高等  ,曰        ,yuē
 4.57 ,一级  ,商        ,shāng
 4.57 ,二级  ,排        ,pái
 4.57 ,三级  ,证        ,zhèng
 4.57 ,三级  ,烟        ,yān
 4.57 ,四级  ,摸        ,mō
 4.57 ,三级  ,环        ,huán
 4.57 ,一级  ,床        ,chuáng
 4.57 ,三级  ,祝        ,zhù
 4.57 ,三级  ,决        ,jué
 4.57 ,一级  ,客        ,kè
 4.57 ,五级  ,恨        ,hèn
 4.57 ,三级  ,显        ,xiǎn
 4.57 ,四级  ,顶        ,dǐng
 4.57 ,二级  ,举        ,jǔ
 4.57 ,三级  ,配        ,pèi
 4.56 ,三级  ,赶        ,gǎn
 4.56 ,三级  ,害        ,hài
 4.56 ,六级  ,拖        ,tuō
 4.56 ,高等  ,鲁        ,lǔ
 4.56 ,二级  ,司        ,sī
 4.56 ,三级  ,断        ,duàn
 4.55 ,三级  ,录        ,lù
 4.55 ,四级  ,叶        ,yè
 4.55 ,二级  ,夜        ,yè
 4.55 ,高等  ,谱        ,pǔ
 4.55 ,四级  ,脱        ,tuō
 4.55 ,高等  ,赵        ,zhào
 4.55 ,四级  ,货        ,huò
 4.55 ,四级  ,纯        ,chún
 4.55 ,一级  ,谢        ,xiè
 4.55 ,高等  ,魔        ,mó
 4.55 ,四级  ,居        ,jū
 4.54 ,二级  ,骑        ,qí
 4.54 ,三级  ,退        ,tuì
 4.54 ,一级  ,样        ,yàng
 4.54 ,二级  ,碰        ,pèng
 4.54 ,六级  ,谷        ,gǔ
 4.54 ,五级  ,撞        ,zhuàng
 4.54 ,六级  ,额        ,é
 4.54 ,五级  ,滚        ,gǔn
 4.53 ,四级  ,松        ,sōng
 4.53 ,五级  ,偷        ,tōu
 4.53 ,四级  ,翻        ,fān
 4.53 ,三级  ,足        ,zú
 4.53 ,二级  ,银        ,yín
 4.53 ,二级  ,油        ,yóu
 4.53 ,三级  ,批        ,pī
 4.53 ,五级  ,傻        ,shǎ
 4.53 ,四级  ,购        ,gòu
 4.53 ,四级  ,盘        ,pán
 4.53 ,六级  ,宫        ,gōng
 4.53 ,高等  ,莫        ,mò
 4.53 ,五级  ,呆        ,dāi
 4.53 ,三级  ,牌        ,pái
 4.53 ,一级  ,工        ,gōng
 4.53 ,四级  ,赞        ,zàn
 4.53 ,三级  ,念        ,niàn
 4.53 ,四级  ,抽        ,chōu
 4.53 ,二级  ,喊        ,hǎn
 4.52 ,二级  ,然        ,rán
 4.52 ,六级  ,塞        ,sè
 4.52 ,六级  ,塞        ,sāi
 4.52 ,五级  ,插        ,chā
 4.52 ,三级  ,顿        ,dùn
 4.52 ,三级  ,底        ,dǐ
 4.52 ,二级  ,千        ,qiān
 4.52 ,三级  ,价        ,jià
 4.52 ,高等  ,兽        ,shòu
 4.52 ,四级  ,刷        ,shuā
 4.52 ,高等  ,逾        ,yú
 4.52 ,五级  ,落        ,là
 4.52 ,三级  ,落        ,luò
 4.51 ,四级  ,竟        ,jìng
 4.51 ,一级  ,怎        ,zěn
 4.51 ,四级  ,源        ,yuán
 4.51 ,三级  ,资        ,zī
 4.5  ,四级  ,累        ,lěi
 4.5  ,六级  ,恩        ,ēn
 4.5  ,六级  ,讯        ,xùn
 4.5  ,三级  ,痛        ,tòng
 4.5  ,一级  ,认        ,rèn
 4.5  ,四级  ,料        ,liào
 4.5  ,一级  ,累        ,lèi
 4.5  ,三级  ,志        ,zhì
 4.5  ,三级  ,付        ,fù
 4.5  ,高等  ,乃        ,nǎi
 4.5  ,六级  ,诺        ,nuò
 4.49 ,五级  ,核        ,hé
 4.49 ,三级  ,望        ,wàng
 4.49 ,三级  ,品        ,pǐn
 4.49 ,高等  ,绑        ,bǎng
 4.49 ,五级  ,瞧        ,qiáo
 4.49 ,一级  ,雨        ,yǔ
 4.49 ,三级  ,精        ,jīng
 4.49 ,三级  ,香        ,xiāng
 4.49 ,二级  ,湖        ,hú
 4.49 ,高等  ,坑        ,kēng
 4.49 ,二级  ,般        ,bān
 4.49 ,二级  ,纸        ,zhǐ
 4.49 ,一级  ,蛋        ,dàn
 4.48 ,三级  ,继        ,jì
 4.48 ,四级  ,季        ,jì
 4.48 ,二级  ,响        ,xiǎng
 4.48 ,二级  ,笔        ,bǐ
 4.48 ,三级  ,皮        ,pí
 4.48 ,三级  ,石        ,shí
 4.48 ,二级  ,爬        ,pá
 4.48 ,五级  ,签        ,qiān
 4.48 ,三级  ,防        ,fáng
 4.48 ,高等  ,狼        ,láng
 4.48 ,六级  ,田        ,tián
 4.48 ,一级  ,百        ,bǎi
 4.48 ,三级  ,历        ,lì
 4.48 ,一级  ,京        ,jīng
 4.47 ,三级  ,福        ,fú
 4.47 ,二级  ,青        ,qīng
 4.47 ,三级  ,糖        ,táng
 4.47 ,六级  ,监        ,jiān
 4.47 ,二级  ,许        ,xǔ
 4.47 ,高等  ,舔        ,tiǎn
 4.47 ,四级  ,兵        ,bīng
 4.46 ,三级  ,胜        ,shèng
 4.46 ,三级  ,舞        ,wǔ
 4.46 ,六级  ,踢        ,tī
 4.46 ,高等  ,丁        ,dīng
 4.46 ,二级  ,眼        ,yǎn
 4.46 ,五级  ,弹        ,tán
 4.46 ,五级  ,弹        ,dàn
 4.46 ,高等  ,链        ,liàn
 4.46 ,一级  ,旁        ,páng
 4.46 ,三级  ,土        ,tǔ
 4.46 ,五级  ,摄        ,shè
 4.46 ,四级  ,烧        ,shāo
 4.46 ,六级  ,湾        ,wān
 4.46 ,五级  ,洞        ,dòng
 4.46 ,五级  ,搜        ,sōu
 4.46 ,四级  ,秀        ,xiù
 4.46 ,六级  ,略        ,lüè
 4.46 ,一级  ,备        ,bèi
 4.46 ,四级  ,甚        ,shèn
 4.46 ,高等  ,丝        ,sī
 4.45 ,二级  ,确        ,què
 4.45 ,六级  ,吉        ,jí
 4.45 ,五级  ,册        ,cè
 4.45 ,五级  ,咬        ,yǎo
 4.45 ,六级  ,凡        ,fán
 4.45 ,高等  ,勒        ,lè
 4.45 ,高等  ,勒        ,lēi
 4.45 ,二级  ,印        ,yìn
 4.45 ,二级  ,姓        ,xìng
 4.45 ,二级  ,练        ,liàn
 4.45 ,四级  ,登        ,dēng
 4.45 ,五级  ,躲        ,duǒ
 4.45 ,二级  ,划        ,huà
 4.45 ,三级  ,补        ,bǔ
 4.45 ,一级  ,果        ,guǒ
 4.45 ,一级  ,汉        ,hàn
 4.45 ,三级  ,划        ,huá
 4.44 ,三级  ,切        ,qiè
 4.44 ,二级  ,食        ,shí
 4.44 ,四级  ,切        ,qiē
 4.44 ,三级  ,简        ,jiǎn
 4.44 ,高等  ,恶        ,wù
 4.44 ,四级  ,敌        ,dí
 4.44 ,二级  ,角        ,jiǎo
 4.44 ,四级  ,角        ,jué
 4.44 ,五级  ,毒        ,dú
 4.44 ,高等  ,兰        ,lán
 4.44 ,五级  ,烂        ,làn
 4.44 ,三级  ,状        ,zhuàng
 4.44 ,五级  ,控        ,kòng
 4.44 ,三级  ,优        ,yōu
 4.44 ,三级  ,屋        ,wū
 4.44 ,六级  ,炸        ,zhà
 4.44 ,二级  ,游        ,yóu
 4.44 ,高等  ,恶        ,è
 4.44 ,四级  ,恶        ,ě
 4.44 ,高等  ,萨        ,sà
 4.44 ,高等  ,炸        ,zhá
 4.44 ,高等  ,艾        ,ài
 4.44 ,高等  ,愈        ,yù
 4.43 ,五级  ,剩        ,shèng
 4.43 ,五级  ,胡        ,hú
 4.43 ,四级  ,招        ,zhāo
 4.43 ,五级  ,虎        ,hǔ
 4.43 ,三级  ,农        ,nóng
 4.43 ,三级  ,存        ,cún
 4.43 ,高等  ,扎        ,zhá
 4.43 ,二级  ,熟        ,shú
 4.43 ,六级  ,扎        ,zhā
 4.43 ,高等  ,拟        ,nǐ
 4.43 ,高等  ,扎        ,zā
 4.43 ,六级  ,赌        ,dǔ
 4.43 ,二级  ,堂        ,táng
 4.43 ,二级  ,熟        ,shóu
 4.42 ,高等  ,尿        ,niào
 4.42 ,五级  ,蛇        ,shé
 4.42 ,四级  ,征        ,zhēng
 4.42 ,四级  ,士        ,shì
 4.42 ,六级  ,混        ,hùn
 4.42 ,四级  ,临        ,lín
 4.42 ,二级  ,夏        ,xià
 4.42 ,二级  ,喂        ,wèi
 4.42 ,四级  ,稳        ,wěn
 4.42 ,四级  ,译        ,yì
 4.42 ,三级  ,苦        ,kǔ
 4.41 ,四级  ,寄        ,jì
 4.41 ,五级  ,吐        ,tǔ
 4.41 ,三级  ,采        ,cǎi
 4.41 ,五级  ,吐        ,tù
 4.41 ,三级  ,整        ,zhěng
 4.41 ,二级  ,园        ,yuán
 4.41 ,二级  ,疼        ,téng
 4.41 ,五级  ,软        ,ruǎn
 4.41 ,六级  ,档        ,dàng
 4.41 ,二级  ,音        ,yīn
 4.41 ,高等  ,砸        ,zá
 4.41 ,五级  ,甲        ,jiǎ
 4.41 ,三级  ,失        ,shī
 4.4  ,六级  ,爆        ,bào
 4.4  ,四级  ,隔        ,gé
 4.4  ,三级  ,展        ,zhǎn
 4.4  ,四级  ,统        ,tǒng
 4.4  ,五级  ,扔        ,rēng
 4.4  ,一级  ,影        ,yǐng
 4.4  ,四级  ,江        ,jiāng
 4.4  ,六级  ,素        ,sù
 4.4  ,四级  ,醒        ,xǐng
 4.4  ,三级  ,母        ,mǔ
 4.4  ,二级  ,灯        ,dēng
 4.4  ,三级  ,沙        ,shā
 4.4  ,六级  ,异        ,yì
 4.4  ,四级  ,减        ,jiǎn
 4.4  ,四级  ,雷        ,léi
 4.4  ,三级  ,汤        ,tāng
 4.4  ,四级  ,限        ,xiàn
 4.4  ,三级  ,善        ,shàn
 4.4  ,四级  ,晒        ,shài
 4.39 ,六级  ,寺        ,sì
 4.39 ,四级  ,闹        ,nào
 4.39 ,四级  ,吸        ,xī
 4.39 ,三级  ,程        ,chéng
 4.39 ,高等  ,瓦        ,wǎ
 4.39 ,四级  ,移        ,yí
 4.39 ,三级  ,冒        ,mào
 4.39 ,三级  ,增        ,zēng
 4.39 ,高等  ,颇        ,pō
 4.39 ,六级  ,麦        ,mài
 4.39 ,五级  ,涨        ,zhǎng
 4.39 ,五级  ,稍        ,shāo
 4.39 ,五级  ,锁        ,suǒ
 4.38 ,四级  ,守        ,shǒu
 4.38 ,六级  ,挖        ,wā
 4.38 ,四级  ,斗        ,dòu
 4.38 ,四级  ,擦        ,cā
 4.38 ,二级  ,末        ,mò
 4.38 ,三级  ,标        ,biāo
 4.38 ,高等  ,惹        ,rě
 4.38 ,高等  ,姆        ,mǔ
 4.38 ,六级  ,抗        ,kàng
 4.38 ,高等  ,邦        ,bāng
 4.38 ,二级  ,助        ,zhù
 4.37 ,高等  ,裔        ,yì
 4.37 ,三级  ,富        ,fù
 4.37 ,三级  ,齐        ,qí
 4.37 ,高等  ,娶        ,qǔ
 4.37 ,五级  ,欠        ,qiàn
 4.37 ,四级  ,弱        ,ruò
 4.37 ,三级  ,评        ,píng
 4.37 ,高等  ,岭        ,lǐng
 4.37 ,三级  ,希        ,xī
 4.37 ,六级  ,泡        ,pào
 4.37 ,高等  ,贼        ,zéi
 4.37 ,六级  ,爽        ,shuǎng
 4.37 ,六级  ,煮        ,zhǔ
 4.37 ,一级  ,识        ,shí
 4.37 ,二级  ,闻        ,wén
 4.37 ,四级  ,政        ,zhèng
 4.37 ,六级  ,舰        ,jiàn
 4.37 ,高等  ,唐        ,táng
 4.37 ,三级  ,木        ,mù
 4.36 ,四级  ,距        ,jù
 4.36 ,六级  ,盗        ,dào
 4.36 ,六级  ,迁        ,qiān
 4.36 ,四级  ,附        ,fù
 4.36 ,高等  ,哎        ,āi
 4.36 ,五级  ,曲        ,qǔ
 4.36 ,高等  ,贾        ,gǔ
 4.36 ,六级  ,废        ,fèi
 4.36 ,一级  ,告        ,gào
 4.36 ,四级  ,暗        ,àn
 4.36 ,四级  ,独        ,dú
 4.36 ,六级  ,曲        ,qū
 4.35 ,四级  ,胸        ,xiōng
 4.35 ,四级  ,刺        ,cì
 4.35 ,高等  ,砍        ,kǎn
 4.35 ,二级  ,味        ,wèi
 4.35 ,二级  ,雪        ,xuě
 4.35 ,一级  ,服        ,fú
 4.35 ,四级  ,陆        ,lù
 4.35 ,四级  ,席        ,xí
 4.35 ,高等  ,祭        ,jì
 4.35 ,高等  ,唉        ,ài
 4.35 ,三级  ,始        ,shǐ
 4.34 ,一级  ,什        ,shén
 4.34 ,高等  ,伪        ,wěi
 4.34 ,五级  ,乘        ,chéng
 4.34 ,四级  ,盐        ,yán
 4.34 ,三级  ,势        ,shì
 4.34 ,六级  ,番        ,fān
 4.34 ,六级  ,梁        ,liáng
 4.34 ,四级  ,穷        ,qióng
 4.34 ,高等  ,扯        ,chě
 4.34 ,三级  ,缺        ,quē
 4.33 ,四级  ,免        ,miǎn
 4.33 ,六级  ,露        ,lù
 4.33 ,二级  ,普        ,pǔ
 4.33 ,五级  ,肯        ,kěn
 4.33 ,六级  ,露        ,lòu
 4.33 ,六级  ,帝        ,dì
 4.33 ,高等  ,艘        ,sōu
 4.33 ,三级  ,散        ,sàn
 4.33 ,四级  ,孙        ,sūn
 4.33 ,六级  ,粉        ,fěn
 4.33 ,五级  ,挡        ,dǎng
 4.33 ,五级  ,籍        ,jí
 4.33 ,四级  ,挑        ,tiāo
 4.33 ,四级  ,挑        ,tiǎo
 4.33 ,六级  ,审        ,shěn
 4.33 ,二级  ,春        ,chūn
 4.33 ,高等  ,窝        ,wō
 4.33 ,五级  ,散        ,sǎn
 4.33 ,三级  ,续        ,xù
 4.33 ,四级  ,汇        ,huì
 4.32 ,高等  ,吴        ,wú
 4.32 ,一级  ,兴        ,xìng
 4.32 ,四级  ,圆        ,yuán
 4.32 ,高等  ,帐        ,zhàng
 4.32 ,五级  ,拼        ,pīn
 4.32 ,四级  ,兴        ,xīng
 4.31 ,四级  ,迟        ,chí
 4.31 ,三级  ,父        ,fù
 4.31 ,四级  ,遇        ,yù
 4.31 ,六级  ,踩        ,cǎi
 4.31 ,三级  ,范        ,fàn
 4.31 ,六级  ,炒        ,chǎo
 4.31 ,一级  ,脑        ,nǎo
 4.31 ,四级  ,密        ,mì
 4.31 ,三级  ,境        ,jìng
 4.31 ,高等  ,嫁        ,jià
 4.31 ,高等  ,哼        ,hēng
 4.31 ,一级  ,习        ,xí
 4.31 ,三级  ,卫        ,wèi
 4.3  ,五级  ,委        ,wěi
 4.3  ,高等  ,折        ,zhē
 4.3  ,六级  ,佛        ,fú
 4.3  ,六级  ,佛        ,fó
 4.3  ,四级  ,财        ,cái
 4.3  ,高等  ,骚        ,sāo
 4.3  ,五级  ,熊        ,xióng
 4.3  ,三级  ,娘        ,niáng
 4.3  ,六级  ,诸        ,zhū
 4.3  ,高等  ,朱        ,zhū
 4.3  ,一级  ,校        ,xiào
 4.3  ,四级  ,折        ,zhé
 4.3  ,高等  ,撒        ,sā
 4.3  ,四级  ,严        ,yán
 4.3  ,五级  ,狂        ,kuáng
 4.3  ,六级  ,撑        ,chēng
 4.3  ,高等  ,亩        ,mǔ
 4.3  ,四级  ,劲        ,jìn
 4.3  ,二级  ,护        ,hù
 4.3  ,五级  ,劝        ,quàn
 4.3  ,三级  ,订        ,dìng
 4.3  ,二级  ,鞋        ,xié
 4.29 ,六级  ,蒙        ,méng
 4.29 ,四级  ,闭        ,bì
 4.29 ,六级  ,蒙        ,mēng
 4.29 ,四级  ,牙        ,yá
 4.29 ,五级  ,颗        ,kē
 4.29 ,高等  ,遂        ,suì
 4.29 ,高等  ,君        ,jūn
 4.29 ,高等  ,庙        ,miào
 4.29 ,一级  ,觉        ,jiào
 4.29 ,三级  ,终        ,zhōng
 4.29 ,一级  ,觉        ,jué
 4.29 ,高等  ,川        ,chuān
 4.29 ,五级  ,绕        ,rào
 4.29 ,六级  ,捡        ,jiǎn
 4.28 ,四级  ,宁        ,níng
 4.28 ,二级  ,亮        ,liàng
 4.28 ,五级  ,臭        ,chòu
 4.28 ,四级  ,似        ,shì
 4.28 ,四级  ,透        ,tòu
 4.28 ,六级  ,偏        ,piān
 4.28 ,高等  ,郭        ,guō
 4.28 ,二级  ,态        ,tài
 4.28 ,高等  ,剂        ,jì
 4.28 ,高等  ,宁        ,nìng
 4.28 ,五级  ,索        ,suǒ
 4.28 ,五级  ,博        ,bó
 4.28 ,四级  ,尾        ,wěi
 4.28 ,四级  ,粮        ,liáng
 4.28 ,二级  ,顺        ,shùn
 4.28 ,三级  ,似        ,sì
 4.27 ,六级  ,禁        ,jīn
 4.27 ,一级  ,净        ,jìng
 4.27 ,六级  ,墓        ,mù
 4.27 ,四级  ,禁        ,jìn
 4.27 ,二级  ,旅        ,lǚ
 4.27 ,四级  ,冰        ,bīng
 4.27 ,三级  ,议        ,yì
 4.27 ,六级  ,梅        ,méi
 4.27 ,四级  ,施        ,shī
 4.27 ,六级  ,榜        ,bǎng
 4.27 ,三级  ,险        ,xiǎn
 4.27 ,三级  ,暖        ,nuǎn
 4.27 ,六级  ,炮        ,pào
 4.26 ,四级  ,薄        ,báo
 4.26 ,四级  ,森        ,sēn
 4.26 ,高等  ,薄        ,bó
 4.26 ,高等  ,爹        ,diē
 4.26 ,六级  ,灭        ,miè
 4.26 ,三级  ,围        ,wéi
 4.26 ,高等  ,雾        ,wù
 4.26 ,高等  ,乔        ,qiáo
 4.26 ,六级  ,乌        ,wū
 4.25 ,二级  ,务        ,wù
 4.25 ,四级  ,测        ,cè
 4.25 ,四级  ,细        ,xì
 4.25 ,五级  ,醉        ,zuì
 4.25 ,六级  ,扣        ,kòu
 4.25 ,四级  ,潮        ,cháo
 4.25 ,三级  ,甜        ,tián
 4.25 ,五级  ,幅        ,fú
 4.25 ,四级  ,贝        ,bèi
 4.25 ,三级  ,困        ,kùn
 4.25 ,四级  ,聊        ,liáo
 4.25 ,五级  ,夹        ,jiā
 4.25 ,二级  ,阳        ,yáng
 4.25 ,五级  ,挤        ,jǐ
 4.25 ,高等  ,丹        ,dān
 4.25 ,四级  ,承        ,chéng
 4.24 ,三级  ,艺        ,yì
 4.24 ,三级  ,消        ,xiāo
 4.24 ,高等  ,枚        ,méi
 4.24 ,高等  ,钻        ,zuàn
 4.24 ,六级  ,症        ,zhèng
 4.24 ,六级  ,埋        ,mái
 4.24 ,五级  ,亏        ,kuī
 4.24 ,高等  ,埋        ,mán
 4.24 ,六级  ,钻        ,zuān
 4.24 ,二级  ,租        ,zū
 4.24 ,高等  ,雅        ,yǎ
 4.24 ,高等  ,洲        ,zhōu
 4.24 ,五级  ,尤        ,yóu
 4.24 ,五级  ,拆        ,chāi
 4.24 ,六级  ,跪        ,guì
 4.24 ,六级  ,佳        ,jiā
 4.24 ,五级  ,烤        ,kǎo
 4.24 ,三级  ,彩        ,cǎi
 4.24 ,六级  ,谋        ,móu
 4.24 ,高等  ,抹        ,mǒ
 4.24 ,六级  ,撤        ,chè
 4.24 ,四级  ,酸        ,suān
 4.23 ,三级  ,止        ,zhǐ
 4.23 ,六级  ,沿        ,yán
 4.23 ,二级  ,瓶        ,píng
 4.23 ,五级  ,喷        ,pēn
 4.23 ,三级  ,烦        ,fán
 4.23 ,高等  ,署        ,shǔ
 4.23 ,高等  ,兹        ,zī
 4.23 ,高等  ,蛮        ,mán
 4.23 ,三级  ,积        ,jī
 4.23 ,高等  ,趁        ,chèn
 4.23 ,高等  ,碳        ,tàn
 4.22 ,高等  ,宋        ,sòng
 4.22 ,五级  ,煤        ,méi
 4.22 ,三级  ,访        ,fǎng
 4.22 ,四级  ,肥        ,féi
 4.22 ,五级  ,钢        ,gāng
 4.22 ,六级  ,惨        ,cǎn
 4.22 ,四级  ,湿        ,shī
 4.22 ,三级  ,济        ,jì
 4.22 ,六级  ,宗        ,zōng
 4.22 ,四级  ,粗        ,cū
 4.22 ,四级  ,沉        ,chén
 4.22 ,高等  ,锡        ,xī
 4.22 ,高等  ,瞎        ,xiā
 4.22 ,三级  ,规        ,guī
 4.21 ,二级  ,楚        ,chǔ
 4.21 ,二级  ,温        ,wēn
 4.21 ,六级  ,缘        ,yuán
 4.21 ,三级  ,胖        ,pàng
 4.21 ,六级  ,灵        ,líng
 4.21 ,五级  ,丑        ,chǒu
 4.21 ,二级  ,己        ,jǐ
 4.21 ,一级  ,喜        ,xǐ
 4.21 ,高等  ,曹        ,cáo
 4.21 ,五级  ,私        ,sī
 4.21 ,四级  ,闪        ,shǎn
 4.21 ,高等  ,盯        ,dīng
 4.21 ,高等  ,卒        ,zú
 4.21 ,高等  ,伯        ,bó
 4.2  ,六级  ,铺        ,pū
 4.2  ,六级  ,铺        ,pù
 4.2  ,三级  ,丽        ,lì
 4.2  ,高等  ,颁        ,bān
 4.2  ,三级  ,容        ,róng
 4.2  ,六级  ,旗        ,qí
 4.2  ,五级  ,罚        ,fá
 4.2  ,六级  ,峰        ,fēng
 4.2  ,高等  ,泰        ,tài
 4.2  ,五级  ,摔        ,shuāi
 4.2  ,三级  ,羊        ,yáng
 4.2  ,四级  ,厚        ,hòu
 4.19 ,五级  ,献        ,xiàn
 4.19 ,六级  ,探        ,tàn
 4.19 ,六级  ,扑        ,pū
 4.19 ,五级  ,暂        ,zàn
 4.19 ,二级  ,礼        ,lǐ
 4.19 ,三级  ,判        ,pàn
 4.19 ,高等  ,杜        ,dù
 4.19 ,六级  ,狠        ,hěn
 4.19 ,五级  ,鸭        ,yā
 4.19 ,高等  ,轰        ,hōng
 4.19 ,三级  ,互        ,hù
 4.19 ,六级  ,威        ,wēi
 4.18 ,五级  ,扶        ,fú
 4.18 ,五级  ,键        ,jiàn
 4.18 ,三级  ,功        ,gōng
 4.18 ,高等  ,堡        ,bǎo
 4.18 ,六级  ,跌        ,diē
 4.18 ,六级  ,拨        ,bō
 4.18 ,六级  ,庄        ,zhuāng
 4.18 ,五级  ,挣        ,zhèng
 4.18 ,高等  ,挣        ,zhēng
 4.18 ,高等  ,壳        ,ké
 4.18 ,五级  ,邀        ,yāo
 4.18 ,高等  ,郑        ,zhèng
 4.18 ,六级  ,侧        ,cè
 4.18 ,四级  ,帅        ,shuài
 4.18 ,四级  ,巨        ,jù
 4.18 ,四级  ,秘        ,mì
 4.18 ,三级  ,播        ,bō
 4.17 ,二级  ,遍        ,biàn
 4.17 ,五级  ,恋        ,liàn
 4.17 ,四级  ,扫        ,sǎo
 4.17 ,高等  ,虾        ,xiā
 4.17 ,二级  ,思        ,sī
 4.17 ,高等  ,槽        ,cáo
 4.17 ,三级  ,迷        ,mí
 4.17 ,三级  ,充        ,chōng
 4.17 ,三级  ,导        ,dǎo
 4.17 ,五级  ,堆        ,duī
 4.17 ,六级  ,夺        ,duó
 4.17 ,五级  ,击        ,jī
 4.17 ,六级  ,患        ,huàn
 4.17 ,高等  ,殿        ,diàn
 4.17 ,四级  ,虫        ,chóng
 4.17 ,六级  ,赖        ,lài
 4.16 ,高等  ,钩        ,gōu
 4.16 ,四级  ,败        ,bài
 4.16 ,五级  ,汗        ,hàn
 4.16 ,高等  ,纹        ,wén
 4.16 ,二级  ,康        ,kāng
 4.16 ,一级  ,奶        ,nǎi
 4.16 ,五级  ,剪        ,jiǎn
 4.16 ,高等  ,迪        ,dí
 4.16 ,五级  ,灰        ,huī
 4.16 ,五级  ,忍        ,rěn
 4.16 ,一级  ,爸        ,bà
 4.16 ,六级  ,攻        ,gōng
 4.16 ,三级  ,宣        ,xuān
 4.16 ,六级  ,仪        ,yí
 4.16 ,五级  ,赔        ,péi
 4.16 ,五级  ,瘦        ,shòu
 4.15 ,二级  ,阴        ,yīn
 4.15 ,一级  ,友        ,yǒu
 4.15 ,四级  ,腰        ,yāo
 4.15 ,五级  ,唯        ,wéi
 4.15 ,六级  ,稿        ,gǎo
 4.15 ,六级  ,晕        ,yūn
 4.15 ,高等  ,脉        ,mài
 4.15 ,四级  ,矿        ,kuàng
 4.15 ,五级  ,雄        ,xióng
 4.15 ,一级  ,衣        ,yī
 4.15 ,五级  ,拒        ,jù
 4.15 ,五级  ,锅        ,guō
 4.15 ,四级  ,阶        ,jiē
 4.15 ,三级  ,速        ,sù
 4.15 ,高等  ,钉        ,dìng
 4.15 ,高等  ,钉        ,dīng
 4.15 ,高等  ,翘        ,qiào
 4.15 ,高等  ,奴        ,nú
 4.15 ,四级  ,伙        ,huǒ
 4.14 ,五级  ,执        ,zhí
 4.14 ,五级  ,朗        ,lǎng
 4.14 ,六级  ,刮        ,guā
 4.14 ,二级  ,咱        ,zán
 4.14 ,高等  ,斩        ,zhǎn
 4.14 ,六级  ,酷        ,kù
 4.14 ,三级  ,纪        ,jì
 4.14 ,三级  ,武        ,wǔ
 4.14 ,六级  ,杰        ,jié
 4.14 ,高等  ,氏        ,shì
 4.14 ,四级  ,授        ,shòu
 4.14 ,高等  ,赐        ,cì
 4.14 ,四级  ,针        ,zhēn
 4.14 ,六级  ,猛        ,měng
 4.14 ,五级  ,饼        ,bǐng
 4.14 ,四级  ,填        ,tián
 4.14 ,四级  ,妻        ,qī
 4.13 ,高等  ,割        ,gē
 4.13 ,高等  ,阁        ,gé
 4.13 ,四级  ,浅        ,qiǎn
 4.13 ,高等  ,穴        ,xué
 4.13 ,四级  ,骨        ,gǔ
 4.13 ,五级  ,泛        ,fàn
 4.13 ,六级  ,吊        ,diào
 4.13 ,三级  ,吵        ,chǎo
 4.13 ,四级  ,毕        ,bì
 4.13 ,高等  ,侠        ,xiá
 4.13 ,四级  ,智        ,zhì
 4.13 ,五级  ,劳        ,láo
 4.13 ,高等  ,邓        ,dèng
 4.13 ,二级  ,永        ,yǒng
 4.12 ,高等  ,徐        ,xú
 4.12 ,六级  ,酱        ,jiàng
 4.12 ,高等  ,锦        ,jǐn
 4.12 ,四级  ,聚        ,jù
 4.12 ,四级  ,惊        ,jīng
 4.12 ,四级  ,镜        ,jìng
 4.12 ,高等  ,沪        ,hù
 4.12 ,高等  ,蒂        ,dì
 4.12 ,五级  ,邻        ,lín
 4.11 ,五级  ,辑        ,jí
 4.11 ,六级  ,捉        ,zhuō
 4.11 ,五级  ,盾        ,dùn
 4.11 ,四级  ,诚        ,chéng
 4.11 ,高等  ,伦        ,lún
 4.11 ,高等  ,澳        ,ào
 4.11 ,一级  ,妹        ,mèi
 4.11 ,高等  ,嫩        ,nèn
 4.11 ,五级  ,坦        ,tǎn
 4.11 ,高等  ,龟        ,guī
 4.1  ,五级  ,仔        ,zǎi
 4.1  ,高等  ,御        ,yù
 4.1  ,四级  ,郎        ,láng
 4.1  ,三级  ,箱        ,xiāng
 4.1  ,五级  ,仔        ,zǐ
 4.1  ,高等  ,孔        ,kǒng
 4.1  ,一级  ,医        ,yī
 4.1  ,二级  ,碗        ,wǎn
 4.1  ,高等  ,抛        ,pāo
 4.1  ,二级  ,迎        ,yíng
 4.1  ,高等  ,呜        ,wū
 4.1  ,四级  ,耳        ,ěr
 4.09 ,六级  ,奉        ,fèng
 4.09 ,六级  ,怒        ,nù
 4.09 ,四级  ,怀        ,huái
 4.09 ,五级  ,滑        ,huá
 4.09 ,四级  ,玉        ,yù
 4.09 ,五级  ,竞        ,jìng
 4.09 ,三级  ,婚        ,hūn
 4.09 ,高等  ,妖        ,yāo
 4.09 ,五级  ,敲        ,qiāo
 4.09 ,高等  ,霍        ,huò
 4.09 ,六级  ,野        ,yě
 4.09 ,高等  ,犬        ,quǎn
 4.09 ,六级  ,券        ,quàn
 4.09 ,三级  ,杂        ,zá
 4.09 ,五级  ,饰        ,shì
 4.08 ,六级  ,奔        ,bēn
 4.08 ,高等  ,赤        ,chì
 4.08 ,三级  ,突        ,tū
 4.08 ,高等  ,奔        ,bèn
 4.08 ,六级  ,铜        ,tóng
 4.08 ,五级  ,抬        ,tái
 4.08 ,三级  ,握        ,wò
 4.08 ,六级  ,嫌        ,xián
 4.08 ,高等  ,兑        ,duì
 4.08 ,四级  ,律        ,lǜ
 4.08 ,高等  ,磅        ,bàng
 4.08 ,高等  ,帕        ,pà
 4.08 ,五级  ,胆        ,dǎn
 4.08 ,二级  ,秋        ,qiū
 4.08 ,六级  ,绘        ,huì
 4.07 ,一级  ,姐        ,jiě
 4.07 ,五级  ,琴        ,qín
 4.07 ,五级  ,扇        ,shān
 4.07 ,四级  ,谓        ,wèi
 4.07 ,六级  ,宅        ,zhái
 4.07 ,高等  ,凑        ,còu
 4.07 ,五级  ,扇        ,shàn
 4.07 ,高等  ,涂        ,tú
 4.07 ,四级  ,伴        ,bàn
 4.07 ,五级  ,模        ,mú
 4.07 ,四级  ,模        ,mó
 4.07 ,三级  ,责        ,zé
 4.07 ,六级  ,膜        ,mó
 4.06 ,四级  ,释        ,shì
 4.06 ,高等  ,荷        ,hé
 4.06 ,四级  ,泪        ,lèi
 4.06 ,四级  ,童        ,tóng
 4.06 ,三级  ,误        ,wù
 4.06 ,五级  ,织        ,zhī
 4.06 ,高等  ,坪        ,píng
 4.06 ,五级  ,闲        ,xián
 4.06 ,五级  ,域        ,yù
 4.06 ,五级  ,糟        ,zāo
 4.06 ,六级  ,债        ,zhài
 4.06 ,高等  ,邪        ,xié
 4.06 ,四级  ,担        ,dān
 4.05 ,高等  ,栋        ,dòng
 4.05 ,二级  ,脏        ,zāng
 4.05 ,三级  ,技        ,jì
 4.05 ,六级  ,脏        ,zàng
 4.05 ,四级  ,赏        ,shǎng
 4.05 ,五级  ,碎        ,suì
 4.05 ,高等  ,贱        ,jiàn
 4.05 ,高等  ,桑        ,sāng
 4.05 ,三级  ,预        ,yù
 4.05 ,四级  ,避        ,bì
 4.05 ,五级  ,弃        ,qì
 4.04 ,四级  ,扬        ,yáng
 4.04 ,四级  ,促        ,cù
 4.04 ,二级  ,刻        ,kè
 4.04 ,四级  ,堵        ,dǔ
 4.04 ,高等  ,泽        ,zé
 4.04 ,一级  ,休        ,xiū
 4.04 ,五级  ,摩        ,mó
 4.04 ,二级  ,顾        ,gù
 4.04 ,三级  ,材        ,cái
 4.04 ,高等  ,甩        ,shuǎi
 4.04 ,二级  ,凉        ,liáng
 4.04 ,五级  ,贺        ,hè
 4.04 ,五级  ,舍        ,shè
 4.04 ,五级  ,舍        ,shě
 4.04 ,四级  ,辣        ,là
 4.04 ,五级  ,竹        ,zhú
 4.04 ,二级  ,健        ,jiàn
 4.04 ,六级  ,泥        ,ní
 4.04 ,六级  ,串        ,chuàn
 4.04 ,四级  ,矮        ,ǎi
 4.04 ,三级  ,警        ,jǐng
 4.04 ,高等  ,镑        ,bàng
 4.04 ,高等  ,谜        ,mí
 4.04 ,六级  ,残        ,cán
 4.04 ,五级  ,盒        ,hé
 4.04 ,六级  ,账        ,zhàng
 4.04 ,高等  ,粘        ,zhān
 4.03 ,四级  ,抄        ,chāo
 4.03 ,四级  ,挥        ,huī
 4.03 ,四级  ,辩        ,biàn
 4.03 ,四级  ,寻        ,xún
 4.03 ,六级  ,洋        ,yáng
 4.03 ,六级  ,滴        ,dī
 4.03 ,高等  ,戳        ,chuō
 4.03 ,高等  ,呵        ,hē
 4.03 ,四级  ,炼        ,liàn
 4.03 ,二级  ,讨        ,tǎo
 4.03 ,四级  ,呼        ,hū
 4.03 ,高等  ,肖        ,xiào
 4.03 ,五级  ,饮        ,yǐn
 4.03 ,高等  ,岂        ,qǐ
 4.03 ,六级  ,凶        ,xiōng
 4.03 ,高等  ,秦        ,qín
 4.03 ,三级  ,庆        ,qìng
 4.03 ,四级  ,趋        ,qū
 4.03 ,五级  ,胃        ,wèi
 4.02 ,高等  ,捏        ,niē
 4.02 ,六级  ,仓        ,cāng
 4.02 ,五级  ,宾        ,bīn
 4.02 ,二级  ,际        ,jì
 4.02 ,五级  ,冠        ,guàn
 4.02 ,六级  ,嘉        ,jiā
 4.02 ,二级  ,典        ,diǎn
 4.02 ,二级  ,饱        ,bǎo
 4.02 ,高等  ,魏        ,wèi
 4.02 ,六级  ,吞        ,tūn
 4.02 ,五级  ,拔        ,bá
 4.02 ,六级  ,牢        ,láo
 4.02 ,高等  ,桶        ,tǒng
 4.02 ,六级  ,蹲        ,dūn
 4.02 ,高等  ,迈        ,mài
 4.01 ,高等  ,捧        ,pěng
 4.01 ,四级  ,袋        ,dài
 4.01 ,高等  ,删        ,shān
 4.01 ,五级  ,敬        ,jìng
 4.01 ,五级  ,贷        ,dài
 4.01 ,高等  ,沾        ,zhān
 4.01 ,五级  ,闯        ,chuǎng
 4.01 ,高等  ,呐        ,nà
 4.01 ,高等  ,荡        ,dàng
 4.01 ,高等  ,翼        ,yì
 4.01 ,五级  ,返        ,fǎn
 4.01 ,六级  ,懒        ,lǎn
 4.01 ,四级  ,勇        ,yǒng
 4.01 ,高等  ,岩        ,yán
 4.01 ,高等  ,垫        ,diàn
 4.0  ,六级  ,娃        ,wá
 4.0  ,三级  ,景        ,jǐng
 4.0  ,高等  ,捞        ,lāo
 4.0  ,四级  ,伞        ,sǎn
 4.0  ,五级  ,兔        ,tù
 4.0  ,六级  ,倾        ,qīng
 4.0  ,五级  ,摘        ,zhāi
 4.0  ,高等  ,役        ,yì
 4.0  ,五级  ,乙        ,yǐ
 4.0  ,高等  ,缠        ,chán
 4.0  ,高等  ,扒        ,bā
 4.0  ,高等  ,耍        ,shuǎ
 3.99 ,高等  ,甘        ,gān
 3.99 ,五级  ,润        ,rùn
 3.99 ,五级  ,启        ,qǐ
 3.99 ,六级  ,盼        ,pàn
 3.99 ,五级  ,戒        ,jiè
 3.99 ,高等  ,勿        ,wù
 3.99 ,四级  ,良        ,liáng
 3.99 ,高等  ,寨        ,zhài
 3.98 ,高等  ,烫        ,tàng
 3.98 ,五级  ,筑        ,zhù
 3.98 ,高等  ,瞒        ,mán
 3.98 ,四级  ,窗        ,chuāng
 3.98 ,高等  ,赫        ,hè
 3.98 ,高等  ,粤        ,yuè
 3.98 ,六级  ,井        ,jǐng
 3.98 ,五级  ,辛        ,xīn
 3.98 ,高等  ,晋        ,jìn
 3.98 ,五级  ,惠        ,huì
 3.98 ,高等  ,弦        ,xián
 3.98 ,五级  ,尊        ,zūn
 3.98 ,五级  ,披        ,pī
 3.98 ,五级  ,掌        ,zhǎng
 3.97 ,高等  ,纽        ,niǔ
 3.97 ,高等  ,隆        ,lóng
 3.97 ,四级  ,浓        ,nóng
 3.97 ,二级  ,静        ,jìng
 3.97 ,二级  ,斤        ,jīn
 3.97 ,五级  ,幕        ,mù
 3.97 ,高等  ,筹        ,chóu
 3.97 ,六级  ,坡        ,pō
 3.97 ,高等  ,辽        ,liáo
 3.97 ,高等  ,拳        ,quán
 3.97 ,高等  ,涌        ,yǒng
 3.97 ,三级  ,训        ,xùn
 3.97 ,高等  ,蠢        ,chǔn
 3.97 ,高等  ,仁        ,rén
 3.97 ,六级  ,捐        ,juān
 3.97 ,高等  ,舱        ,cāng
 3.97 ,六级  ,哲        ,zhé
 3.97 ,五级  ,荣        ,róng
 3.97 ,五级  ,梨        ,lí
 3.97 ,高等  ,揉        ,róu
 3.97 ,五级  ,协        ,xié
 3.97 ,六级  ,忠        ,zhōng
 3.96 ,六级  ,挨        ,ái
 3.96 ,五级  ,鼓        ,gǔ
 3.96 ,六级  ,挨        ,āi
 3.96 ,六级  ,奏        ,zòu
 3.96 ,高等  ,臣        ,chén
 3.96 ,六级  ,杆        ,gǎn
 3.96 ,高等  ,夸        ,kuā
 3.96 ,四级  ,缩        ,suō
 3.96 ,三级  ,浪        ,làng
 3.96 ,高等  ,恤        ,xù
 3.96 ,六级  ,添        ,tiān
 3.96 ,四级  ,扩        ,kuò
 3.96 ,高等  ,饶        ,ráo
 3.96 ,高等  ,杆        ,gān
 3.96 ,四级  ,疑        ,yí
 3.96 ,五级  ,辞        ,cí
 3.96 ,五级  ,漏        ,lòu
 3.96 ,高等  ,携        ,xié
 3.95 ,高等  ,颈        ,jǐng
 3.95 ,六级  ,屏        ,píng
 3.95 ,五级  ,奈        ,nài
 3.95 ,四级  ,述        ,shù
 3.95 ,五级  ,叉        ,chā
 3.95 ,四级  ,笨        ,bèn
 3.95 ,高等  ,亭        ,tíng
 3.95 ,高等  ,吕        ,lǚ
 3.95 ,二级  ,宜        ,yí
 3.95 ,五级  ,紫        ,zǐ
 3.95 ,二级  ,检        ,jiǎn
 3.95 ,四级  ,乎        ,hū
 3.95 ,六级  ,扁        ,biǎn
 3.94 ,高等  ,嘿        ,hēi
 3.94 ,五级  ,驾        ,jià
 3.94 ,四级  ,弯        ,wān
 3.94 ,一级  ,息        ,xī
 3.94 ,高等  ,袭        ,xí
 3.94 ,高等  ,冯        ,féng
 3.94 ,高等  ,砖        ,zhuān
 3.94 ,高等  ,袁        ,yuán
 3.94 ,六级  ,策        ,cè
 3.94 ,五级  ,池        ,chí
 3.94 ,高等  ,逆        ,nì
 3.94 ,高等  ,仇        ,chóu
 3.94 ,高等  ,鹿        ,lù
 3.94 ,高等  ,凯        ,kǎi
 3.93 ,高等  ,横        ,hèng
 3.93 ,高等  ,蕾        ,lěi
 3.93 ,五级  ,豪        ,háo
 3.93 ,六级  ,涉        ,shè
 3.93 ,六级  ,尖        ,jiān
 3.93 ,高等  ,哄        ,hòng
 3.93 ,高等  ,哄        ,hǒng
 3.93 ,高等  ,矣        ,yǐ
 3.93 ,高等  ,哄        ,hōng
 3.93 ,六级  ,柱        ,zhù
 3.93 ,四级  ,妇        ,fù
 3.93 ,高等  ,踪        ,zōng
 3.93 ,一级  ,介        ,jiè
 3.93 ,高等  ,姜        ,jiāng
 3.93 ,六级  ,横        ,héng
 3.93 ,高等  ,熬        ,áo
 3.93 ,高等  ,罩        ,zhào
 3.93 ,六级  ,磨        ,mó
 3.93 ,一级  ,候        ,hòu
 3.93 ,四级  ,摇        ,yáo
 3.93 ,五级  ,震        ,zhèn
 3.93 ,高等  ,津        ,jīn
 3.93 ,四级  ,企        ,qǐ
 3.93 ,五级  ,艳        ,yàn
 3.93 ,六级  ,牵        ,qiān
 3.93 ,高等  ,帖        ,tiě
 3.92 ,四级  ,瓜        ,guā
 3.92 ,六级  ,皇        ,huáng
 3.92 ,六级  ,侵        ,qīn
 3.92 ,四级  ,逛        ,guàng
 3.92 ,高等  ,绳        ,shéng
 3.92 ,四级  ,阵        ,zhèn
 3.92 ,高等  ,仙        ,xiān
 3.92 ,五级  ,押        ,yā
 3.92 ,高等  ,溜        ,liū
 3.92 ,高等  ,瑞        ,ruì
 3.92 ,高等  ,缝        ,féng
 3.92 ,六级  ,炉        ,lú
 3.92 ,高等  ,缝        ,fèng
 3.92 ,高等  ,催        ,cuī
 3.91 ,六级  ,渡        ,dù
 3.91 ,五级  ,损        ,sǔn
 3.91 ,高等  ,轴        ,zhóu
 3.91 ,高等  ,叙        ,xù
 3.91 ,高等  ,柳        ,liǔ
 3.91 ,四级  ,销        ,xiāo
 3.91 ,四级  ,申        ,shēn
 3.91 ,高等  ,尸        ,shī
 3.91 ,高等  ,雇        ,gù
 3.91 ,五级  ,匹        ,pǐ
 3.91 ,五级  ,岸        ,àn
 3.91 ,五级  ,染        ,rǎn
 3.91 ,高等  ,腔        ,qiāng
 3.91 ,六级  ,抵        ,dǐ
 3.91 ,五级  ,俱        ,jù
 3.91 ,高等  ,伏        ,fú
 3.91 ,高等  ,贪        ,tān
 3.91 ,高等  ,肾        ,shèn
 3.91 ,五级  ,尝        ,cháng
 3.91 ,四级  ,研        ,yán
 3.9  ,高等  ,盛        ,chéng
 3.9  ,高等  ,刑        ,xíng
 3.9  ,六级  ,盛        ,shèng
 3.9  ,三级  ,丰        ,fēng
 3.9  ,高等  ,丸        ,wán
 3.9  ,六级  ,岗        ,gǎng
 3.9  ,三级  ,恐        ,kǒng
 3.9  ,六级  ,亡        ,wáng
 3.9  ,四级  ,寸        ,cùn
 3.9  ,高等  ,迹        ,jì
 3.9  ,六级  ,液        ,yè
 3.9  ,高等  ,捅        ,tǒng
 3.9  ,高等  ,葬        ,zàng
 3.9  ,二级  ,适        ,shì
 3.9  ,高等  ,鳄        ,è
 3.9  ,五级  ,纲        ,gāng
 3.9  ,六级  ,予        ,yǔ
 3.9  ,高等  ,戈        ,gē
 3.89 ,六级  ,鉴        ,jiàn
 3.89 ,五级  ,耐        ,nài
 3.89 ,高等  ,罐        ,guàn
 3.89 ,高等  ,鹰        ,yīng
 3.89 ,六级  ,贫        ,pín
 3.89 ,三级  ,否        ,fǒu
 3.89 ,六级  ,铅        ,qiān
 3.89 ,五级  ,斜        ,xié
 3.89 ,高等  ,歪        ,wāi
 3.88 ,六级  ,罢        ,bà
 3.88 ,高等  ,黎        ,lí
 3.88 ,四级  ,激        ,jī
 3.88 ,二级  ,餐        ,cān
 3.88 ,高等  ,兆        ,zhào
 3.88 ,六级  ,氧        ,yǎng
 3.88 ,五级  ,沟        ,gōu
 3.88 ,四级  ,豆        ,dòu
 3.88 ,四级  ,构        ,gòu
 3.88 ,六级  ,菌        ,jūn
 3.88 ,三级  ,察        ,chá
 3.88 ,高等  ,痴        ,chī
 3.87 ,六级  ,潜        ,qián
 3.87 ,二级  ,示        ,shì
 3.87 ,三级  ,裙        ,qún
 3.87 ,六级  ,箭        ,jiàn
 3.87 ,高等  ,劫        ,jié
 3.87 ,六级  ,隐        ,yǐn
 3.87 ,六级  ,栏        ,lán
 3.87 ,五级  ,赠        ,zèng
 3.87 ,高等  ,蜀        ,shǔ
 3.87 ,三级  ,裤        ,kù
 3.87 ,高等  ,萧        ,xiāo
 3.87 ,高等  ,碧        ,bì
 3.87 ,高等  ,框        ,kuàng
 3.86 ,高等  ,齿        ,chǐ
 3.86 ,三级  ,坚        ,jiān
 3.86 ,六级  ,督        ,dū
 3.86 ,六级  ,陷        ,xiàn
 3.86 ,六级  ,揭        ,jiē
 3.86 ,五级  ,拾        ,shí
 3.86 ,五级  ,鼻        ,bí
 3.86 ,高等  ,痒        ,yǎng
 3.86 ,高等  ,吼        ,hǒu
 3.86 ,六级  ,肺        ,fèi
 3.86 ,二级  ,努        ,nǔ
 3.86 ,六级  ,乳        ,rǔ
 3.86 ,二级  ,颜        ,yán
 3.86 ,六级  ,徒        ,tú
 3.86 ,三级  ,麻        ,má
 3.86 ,六级  ,纵        ,zòng
 3.86 ,五级  ,虚        ,xū
 3.85 ,三级  ,邮        ,yóu
 3.85 ,高等  ,晃        ,huàng
 3.85 ,四级  ,召        ,zhào
 3.85 ,一级  ,弟        ,dì
 3.85 ,高等  ,铝        ,lǚ
 3.85 ,一级  ,诉        ,sù
 3.85 ,五级  ,伸        ,shēn
 3.85 ,高等  ,坟        ,fén
 3.85 ,高等  ,桩        ,zhuāng
 3.85 ,四级  ,泉        ,quán
 3.85 ,二级  ,晴        ,qíng
 3.85 ,高等  ,揍        ,zòu
 3.85 ,高等  ,柄        ,bǐng
 3.85 ,高等  ,煎        ,jiān
 3.85 ,高等  ,厄        ,è
 3.85 ,高等  ,斑        ,bān
 3.85 ,高等  ,晃        ,huǎng
 3.85 ,高等  ,穆        ,mù
 3.85 ,高等  ,撕        ,sī
 3.85 ,高等  ,旨        ,zhǐ
 3.85 ,高等  ,岳        ,yuè
 3.85 ,高等  ,祸        ,huò
 3.84 ,四级  ,序        ,xù
 3.84 ,高等  ,哆        ,duō
 3.84 ,高等  ,窥        ,kuī
 3.84 ,高等  ,逗        ,dòu
 3.84 ,四级  ,淡        ,dàn
 3.84 ,五级  ,拥        ,yōng
 3.84 ,六级  ,贡        ,gòng
 3.84 ,四级  ,递        ,dì
 3.84 ,四级  ,鲜        ,xiān
 3.84 ,五级  ,辅        ,fǔ
 3.84 ,五级  ,珍        ,zhēn
 3.84 ,四级  ,延        ,yán
 3.84 ,二级  ,冬        ,dōng
 3.84 ,高等  ,唇        ,chún
 3.84 ,三级  ,巧        ,qiǎo
 3.84 ,高等  ,卜        ,bo
 3.84 ,高等  ,卜        ,bǔ
 3.83 ,六级  ,洪        ,hóng
 3.83 ,四级  ,咸        ,xián
 3.83 ,高等  ,逢        ,féng
 3.83 ,六级  ,粥        ,zhōu
 3.83 ,高等  ,浩        ,hào
 3.83 ,高等  ,棋        ,qí
 3.83 ,四级  ,帽        ,mào
 3.83 ,高等  ,溪        ,xī
 3.83 ,六级  ,棉        ,mián
 3.83 ,高等  ,鲨        ,shā
 3.82 ,高等  ,翁        ,wēng
 3.82 ,高等  ,碟        ,dié
 3.82 ,三级  ,幸        ,xìng
 3.82 ,二级  ,育        ,yù
 3.82 ,六级  ,捕        ,bǔ
 3.82 ,四级  ,缓        ,huǎn
 3.82 ,高等  ,逊        ,xùn
 3.82 ,高等  ,拽        ,zhuài
 3.82 ,高等  ,董        ,dǒng
 3.81 ,五级  ,恢        ,huī
 3.81 ,四级  ,遗        ,yí
 3.81 ,高等  ,腊        ,là
 3.81 ,五级  ,慌        ,huāng
 3.81 ,高等  ,狱        ,yù
 3.81 ,二级  ,庭        ,tíng
 3.81 ,六级  ,宠        ,chǒng
 3.81 ,高等  ,仗        ,zhàng
 3.8  ,高等  ,孟        ,mèng
 3.8  ,四级  ,售        ,shòu
 3.8  ,高等  ,闷        ,mēn
 3.8  ,五级  ,辈        ,bèi
 3.8  ,六级  ,旺        ,wàng
 3.8  ,高等  ,闷        ,mèn
 3.8  ,高等  ,缅        ,miǎn
 3.8  ,四级  ,幼        ,yòu
 3.8  ,高等  ,孝        ,xiào
 3.8  ,高等  ,沃        ,wò
 3.8  ,三级  ,况        ,kuàng
 3.8  ,六级  ,肝        ,gān
 3.8  ,高等  ,佣        ,yōng
 3.8  ,五级  ,柜        ,guì
 3.8  ,五级  ,扮        ,bàn
 3.8  ,高等  ,伐        ,fá
 3.8  ,高等  ,潘        ,pān
 3.8  ,五级  ,触        ,chù
 3.8  ,高等  ,佐        ,zuǒ
 3.8  ,五级  ,频        ,pín
 3.8  ,高等  ,妆        ,zhuāng
 3.8  ,五级  ,偶        ,ǒu
 3.79 ,高等  ,巡        ,xún
 3.79 ,高等  ,嚼        ,jiáo
 3.79 ,四级  ,叔        ,shū
 3.79 ,五级  ,犹        ,yóu
 3.79 ,高等  ,粒        ,lì
 3.79 ,五级  ,鼠        ,shǔ
 3.79 ,五级  ,歇        ,xiē
 3.79 ,高等  ,憋        ,biē
 3.79 ,高等  ,雕        ,diāo
 3.79 ,高等  ,朴        ,pǔ
 3.79 ,四级  ,固        ,gù
 3.79 ,一级  ,桌        ,zhuō
 3.79 ,五级  ,壁        ,bì
 3.79 ,一级  ,欢        ,huān
 3.79 ,高等  ,诀        ,jué
 3.79 ,高等  ,菊        ,jú
 3.79 ,六级  ,允        ,yǔn
 3.79 ,六级  ,趟        ,tàng
 3.79 ,六级  ,盟        ,méng
 3.79 ,高等  ,绣        ,xiù
 3.78 ,五级  ,违        ,wéi
 3.78 ,高等  ,钙        ,gài
 3.78 ,四级  ,符        ,fú
 3.78 ,高等  ,棱        ,léng
 3.78 ,六级  ,舌        ,shé
 3.78 ,六级  ,踏        ,tà
 3.78 ,高等  ,疏        ,shū
 3.78 ,五级  ,享        ,xiǎng
 3.78 ,高等  ,缴        ,jiǎo
 3.78 ,高等  ,漆        ,qī
 3.78 ,高等  ,粪        ,fèn
 3.78 ,高等  ,渔        ,yú
 3.78 ,六级  ,焦        ,jiāo
 3.78 ,高等  ,恕        ,shù
 3.78 ,六级  ,肿        ,zhǒng
 3.77 ,高等  ,锤        ,chuí
 3.77 ,高等  ,辨        ,biàn
 3.77 ,高等  ,函        ,hán
 3.77 ,高等  ,艇        ,tǐng
 3.77 ,高等  ,丘        ,qiū
 3.77 ,六级  ,誉        ,yù
 3.77 ,高等  ,俊        ,jùn
 3.77 ,三级  ,束        ,shù
 3.77 ,六级  ,忧        ,yōu
 3.77 ,四级  ,尺        ,chǐ
 3.77 ,高等  ,廊        ,láng
 3.77 ,六级  ,妙        ,miào
 3.77 ,四级  ,兄        ,xiōng
 3.77 ,五级  ,猴        ,hóu
 3.77 ,高等  ,摊        ,tān
 3.77 ,五级  ,寿        ,shòu
 3.77 ,四级  ,择        ,zé
 3.77 ,四级  ,络        ,luò
 3.77 ,高等  ,扛        ,káng
 3.77 ,六级  ,墨        ,mò
 3.77 ,高等  ,佩        ,pèi
 3.77 ,四级  ,默        ,mò
 3.76 ,高等  ,牧        ,mù
 3.76 ,二级  ,惯        ,guàn
 3.76 ,高等  ,乖        ,guāi
 3.76 ,高等  ,佑        ,yòu
 3.76 ,高等  ,垒        ,lěi
 3.76 ,高等  ,遮        ,zhē
 3.76 ,三级  ,烈        ,liè
 3.76 ,四级  ,航        ,háng
 3.76 ,高等  ,弓        ,gōng
 3.76 ,高等  ,灌        ,guàn
 3.76 ,高等  ,铲        ,chǎn
 3.76 ,高等  ,汪        ,wāng
 3.76 ,六级  ,径        ,jìng
 3.76 ,五级  ,冻        ,dòng
 3.76 ,六级  ,祖        ,zǔ
 3.76 ,三级  ,验        ,yàn
 3.76 ,高等  ,宰        ,zǎi
 3.76 ,高等  ,畜        ,chù
 3.76 ,高等  ,坛        ,tán
 3.76 ,五级  ,仿        ,fǎng
 3.76 ,六级  ,械        ,xiè
 3.75 ,五级  ,珠        ,zhū
 3.75 ,高等  ,杭        ,háng
 3.75 ,高等  ,撰        ,zhuàn
 3.75 ,高等  ,渣        ,zhā
 3.75 ,高等  ,魂        ,hún
 3.75 ,高等  ,飘        ,piāo
 3.75 ,五级  ,碍        ,ài
 3.75 ,六级  ,恰        ,qià
 3.75 ,五级  ,胶        ,jiāo
 3.75 ,五级  ,朵        ,duǒ
 3.75 ,五级  ,裁        ,cái
 3.75 ,高等  ,爪        ,zhuǎ
 3.75 ,一级  ,爷        ,yé
 3.75 ,高等  ,窄        ,zhǎi
 3.75 ,四级  ,裹        ,guǒ
 3.75 ,高等  ,冈        ,gāng
 3.75 ,高等  ,喘        ,chuǎn
 3.74 ,三级  ,汁        ,zhī
 3.74 ,高等  ,猎        ,liè
 3.74 ,高等  ,毙        ,bì
 3.74 ,五级  ,漫        ,màn
 3.74 ,高等  ,抖        ,dǒu
 3.74 ,五级  ,肌        ,jī
 3.74 ,四级  ,迫        ,pò
 3.74 ,五级  ,革        ,gé
 3.74 ,六级  ,叹        ,tàn
 3.74 ,高等  ,搅        ,jiǎo
 3.74 ,五级  ,污        ,wū
 3.74 ,高等  ,筒        ,tǒng
 3.74 ,六级  ,援        ,yuán
 3.74 ,高等  ,钓        ,diào
 3.74 ,六级  ,壶        ,hú
 3.74 ,四级  ,途        ,tú
 3.74 ,六级  ,轨        ,guǐ
 3.73 ,高等  ,屡        ,lǚ
 3.73 ,五级  ,询        ,xún
 3.73 ,高等  ,呛        ,qiāng
 3.73 ,高等  ,呛        ,qiàng
 3.73 ,六级  ,壮        ,zhuàng
 3.73 ,高等  ,癌        ,ái
 3.73 ,高等  ,碑        ,bēi
 3.73 ,高等  ,棍        ,gùn
 3.73 ,高等  ,株        ,zhū
 3.73 ,高等  ,咏        ,yǒng
 3.73 ,高等  ,廷        ,tíng
 3.72 ,五级  ,愁        ,chóu
 3.72 ,五级  ,灾        ,zāi
 3.72 ,五级  ,彼        ,bǐ
 3.72 ,高等  ,揪        ,jiū
 3.72 ,高等  ,兜        ,dōu
 3.72 ,高等  ,叠        ,dié
 3.72 ,六级  ,伍        ,wǔ
 3.72 ,高等  ,衰        ,shuāi
 3.72 ,四级  ,棵        ,kē
 3.72 ,高等  ,劈        ,pī
 3.71 ,高等  ,敷        ,fū
 3.71 ,五级  ,糕        ,gāo
 3.71 ,高等  ,捆        ,kǔn
 3.71 ,五级  ,估        ,gū
 3.71 ,高等  ,贤        ,xián
 3.71 ,高等  ,搂        ,lǒu
 3.71 ,五级  ,勤        ,qín
 3.71 ,四级  ,虑        ,lǜ
 3.71 ,高等  ,娥        ,é
 3.71 ,六级  ,扭        ,niǔ
 3.7  ,二级  ,舒        ,shū
 3.7  ,四级  ,阻        ,zǔ
 3.7  ,四级  ,阅        ,yuè
 3.7  ,高等  ,芯        ,xīn
 3.7  ,高等  ,茎        ,jīng
 3.7  ,高等  ,咧        ,liē
 3.7  ,五级  ,泼        ,pō
 3.7  ,高等  ,剥        ,bō
 3.7  ,高等  ,抚        ,fǔ
 3.7  ,高等  ,淘        ,táo
 3.7  ,高等  ,掰        ,bāi
 3.7  ,六级  ,醋        ,cù
 3.7  ,五级  ,肩        ,jiān
 3.7  ,高等  ,剥        ,bāo
 3.7  ,高等  ,赋        ,fù
 3.7  ,高等  ,酥        ,sū
 3.7  ,高等  ,咧        ,liě
 3.7  ,高等  ,陶        ,táo
 3.69 ,高等  ,觅        ,mì
 3.69 ,五级  ,洒        ,sǎ
 3.69 ,高等  ,畔        ,pàn
 3.69 ,高等  ,藤        ,téng
 3.69 ,高等  ,恒        ,héng
 3.69 ,四级  ,综        ,zōng
 3.69 ,六级  ,储        ,chǔ
 3.69 ,高等  ,莲        ,lián
 3.69 ,三级  ,咖        ,kā
 3.69 ,四级  ,彻        ,chè
 3.69 ,高等  ,鹅        ,é
 3.69 ,高等  ,誓        ,shì
 3.69 ,高等  ,匪        ,fěi
 3.69 ,高等  ,剃        ,tì
 3.69 ,四级  ,究        ,jiū
 3.68 ,高等  ,昆        ,kūn
 3.68 ,高等  ,啃        ,kěn
 3.68 ,高等  ,忌        ,jì
 3.68 ,高等  ,勾        ,gōu
 3.68 ,高等  ,屯        ,tún
 3.68 ,高等  ,妥        ,tuǒ
 3.68 ,高等  ,渝        ,yú
 3.68 ,六级  ,宏        ,hóng
 3.68 ,高等  ,囊        ,náng
 3.68 ,高等  ,趴        ,pā
 3.68 ,六级  ,晓        ,xiǎo
 3.68 ,二级  ,澡        ,zǎo
 3.68 ,高等  ,苗        ,miáo
 3.68 ,高等  ,塌        ,tā
 3.67 ,高等  ,橙        ,chéng
 3.67 ,三级  ,效        ,xiào
 3.67 ,六级  ,祥        ,xiáng
 3.67 ,高等  ,磕        ,kē
 3.67 ,六级  ,悬        ,xuán
 3.67 ,四级  ,渐        ,jiàn
 3.67 ,六级  ,洁        ,jié
 3.67 ,高等  ,蒸        ,zhēng
 3.67 ,高等  ,枕        ,zhěn
 3.67 ,高等  ,仆        ,pú
 3.67 ,高等  ,勋        ,xūn
 3.67 ,高等  ,睁        ,zhēng
 3.66 ,高等  ,崩        ,bēng
 3.66 ,六级  ,昏        ,hūn
 3.66 ,高等  ,奸        ,jiān
 3.66 ,高等  ,凌        ,líng
 3.66 ,高等  ,裕        ,yù
 3.66 ,六级  ,暴        ,bào
 3.66 ,高等  ,竖        ,shù
 3.66 ,高等  ,裸        ,luǒ
 3.65 ,高等  ,拦        ,lán
 3.65 ,五级  ,柴        ,chái
 3.65 ,高等  ,窃        ,qiè
 3.65 ,高等  ,僧        ,sēng
 3.65 ,高等  ,芝        ,zhī
 3.65 ,高等  ,鹏        ,péng
 3.65 ,高等  ,瞪        ,dèng
 3.65 ,高等  ,瞅        ,chǒu
 3.65 ,高等  ,卵        ,luǎn
 3.65 ,高等  ,抠        ,kōu
 3.65 ,五级  ,遵        ,zūn
 3.64 ,六级  ,衡        ,héng
 3.64 ,高等  ,翅        ,chì
 3.64 ,高等  ,虏        ,lǔ
 3.64 ,高等  ,滩        ,tān
 3.64 ,六级  ,循        ,xún
 3.64 ,高等  ,颂        ,sòng
 3.64 ,五级  ,铃        ,líng
 3.64 ,高等  ,炖        ,dùn
 3.64 ,高等  ,愣        ,lèng
 3.64 ,高等  ,潭        ,tán
 3.64 ,四级  ,逐        ,zhú
 3.64 ,高等  ,笼        ,lóng
 3.64 ,高等  ,霜        ,shuāng
 3.64 ,高等  ,腹        ,fù
 3.64 ,四级  ,址        ,zhǐ
 3.64 ,高等  ,虐        ,nüè
 3.64 ,高等  ,笼        ,lǒng
 3.64 ,六级  ,薪        ,xīn
 3.64 ,高等  ,镶        ,xiāng
 3.64 ,高等  ,禾        ,hé
 3.64 ,高等  ,坝        ,bà
 3.63 ,五级  ,羽        ,yǔ
 3.63 ,高等  ,柏        ,bǎi
 3.63 ,五级  ,矛        ,máo
 3.63 ,高等  ,昂        ,áng
 3.63 ,五级  ,悲        ,bēi
 3.63 ,高等  ,幢        ,zhuàng
 3.63 ,高等  ,遣        ,qiǎn
 3.63 ,高等  ,纱        ,shā
 3.63 ,五级  ,析        ,xī
 3.63 ,高等  ,窜        ,cuàn
 3.63 ,六级  ,炎        ,yán
 3.63 ,高等  ,瞄        ,miáo
 3.63 ,三级  ,伟        ,wěi
 3.63 ,四级  ,俗        ,sú
 3.62 ,高等  ,冤        ,yuān
 3.62 ,三级  ,媒        ,méi
 3.62 ,高等  ,臂        ,bì
 3.62 ,五级  ,怨        ,yuàn
 3.62 ,高等  ,胎        ,tāi
 3.62 ,高等  ,禅        ,chán
 3.62 ,高等  ,蛙        ,wā
 3.62 ,高等  ,惧        ,jù
 3.62 ,高等  ,滨        ,bīn
 3.62 ,高等  ,谎        ,huǎng
 3.62 ,高等  ,馋        ,chán
 3.62 ,六级  ,融        ,róng
 3.62 ,六级  ,耗        ,hào
 3.62 ,五级  ,桃        ,táo
 3.62 ,六级  ,宇        ,yǔ
 3.62 ,六级  ,咨        ,zī
 3.61 ,四级  ,毫        ,háo
 3.61 ,高等  ,窑        ,yáo
 3.61 ,高等  ,巫        ,wū
 3.61 ,高等  ,勃        ,bó
 3.61 ,高等  ,荒        ,huāng
 3.61 ,高等  ,弥        ,mí
 3.61 ,高等  ,萌        ,méng
 3.61 ,高等  ,契        ,qì
 3.61 ,六级  ,浮        ,fú
 3.61 ,五级  ,敏        ,mǐn
 3.61 ,高等  ,蜂        ,fēng
 3.61 ,五级  ,详        ,xiáng
 3.61 ,六级  ,刊        ,kān
 3.61 ,高等  ,辟        ,pì
 3.61 ,四级  ,趣        ,qù
 3.6  ,高等  ,坠        ,zhuì
 3.6  ,高等  ,歼        ,jiān
 3.6  ,三级  ,衫        ,shān
 3.6  ,高等  ,垂        ,chuí
 3.6  ,高等  ,芭        ,bā
 3.6  ,高等  ,醇        ,chún
 3.6  ,高等  ,笛        ,dí
 3.6  ,高等  ,浦        ,pǔ
 3.6  ,高等  ,攀        ,pān
 3.6  ,四级  ,培        ,péi
 3.6  ,六级  ,践        ,jiàn
 3.6  ,高等  ,萝        ,luó
 3.6  ,高等  ,拌        ,bàn
 3.6  ,三级  ,危        ,wēi
 3.59 ,高等  ,挠        ,náo
 3.59 ,六级  ,辉        ,huī
 3.59 ,六级  ,慧        ,huì
 3.59 ,高等  ,尘        ,chén
 3.59 ,高等  ,丛        ,cóng
 3.59 ,六级  ,裂        ,liè
 3.59 ,高等  ,磁        ,cí
 3.59 ,四级  ,厘        ,lí
 3.59 ,高等  ,瘾        ,yǐn
 3.59 ,高等  ,塘        ,táng
 3.59 ,高等  ,遥        ,yáo
 3.59 ,六级  ,截        ,jié
 3.58 ,高等  ,秃        ,tū
 3.58 ,高等  ,僵        ,jiāng
 3.58 ,高等  ,敦        ,dūn
 3.58 ,高等  ,逸        ,yì
 3.58 ,高等  ,鸣        ,míng
 3.58 ,六级  ,贯        ,guàn
 3.58 ,高等  ,赎        ,shú
 3.57 ,高等  ,驱        ,qū
 3.57 ,高等  ,滥        ,làn
 3.57 ,高等  ,拱        ,gǒng
 3.57 ,高等  ,拧        ,níng
 3.57 ,高等  ,踹        ,chuài
 3.57 ,高等  ,拧        ,nǐng
 3.57 ,四级  ,植        ,zhí
 3.57 ,高等  ,巷        ,xiàng
 3.57 ,六级  ,拐        ,guǎi
 3.57 ,六级  ,掏        ,tāo
 3.57 ,六级  ,旋        ,xuán
 3.57 ,高等  ,螺        ,luó
 3.56 ,高等  ,诱        ,yòu
 3.56 ,五级  ,宿        ,sù
 3.56 ,五级  ,繁        ,fán
 3.56 ,高等  ,逮        ,dài
 3.56 ,高等  ,逮        ,dǎi
 3.56 ,高等  ,钦        ,qīn
 3.56 ,高等  ,削        ,xiāo
 3.56 ,高等  ,削        ,xuē
 3.56 ,高等  ,瘤        ,liú
 3.56 ,高等  ,辱        ,rǔ
 3.56 ,高等  ,蹭        ,cèng
 3.56 ,一级  ,绍        ,shào
 3.56 ,高等  ,垮        ,kuǎ
 3.55 ,四级  ,婆        ,pó
 3.55 ,高等  ,柔        ,róu
 3.55 ,五级  ,豫        ,yù
 3.55 ,高等  ,蹦        ,bèng
 3.55 ,高等  ,葱        ,cōng
 3.55 ,六级  ,宴        ,yàn
 3.55 ,高等  ,燕        ,yàn
 3.55 ,高等  ,腻        ,nì
 3.55 ,高等  ,叼        ,diāo
 3.55 ,高等  ,杠        ,gàng
 3.55 ,六级  ,悟        ,wù
 3.55 ,高等  ,暮        ,mù
 3.55 ,高等  ,闸        ,zhá
 3.55 ,高等  ,夷        ,yí
 3.55 ,高等  ,巢        ,cháo
 3.54 ,高等  ,凸        ,tū
 3.54 ,高等  ,芬        ,fēn
 3.54 ,高等  ,挪        ,nuó
 3.54 ,五级  ,硕        ,shuò
 3.54 ,高等  ,眨        ,zhǎ
 3.54 ,高等  ,玄        ,xuán
 3.54 ,二级  ,忽        ,hū
 3.54 ,高等  ,霸        ,bà
 3.54 ,高等  ,缸        ,gāng
 3.54 ,高等  ,浇        ,jiāo
 3.54 ,六级  ,跃        ,yuè
 3.54 ,高等  ,庞        ,páng
 3.54 ,高等  ,叮        ,dīng
 3.54 ,高等  ,掠        ,lüè
 3.54 ,高等  ,砂        ,shā
 3.54 ,二级  ,绩        ,jì
 3.54 ,高等  ,筋        ,jīn
 3.53 ,六级  ,枝        ,zhī
 3.53 ,四级  ,益        ,yì
 3.53 ,高等  ,掘        ,jué
 3.53 ,四级  ,映        ,yìng
 3.53 ,六级  ,疾        ,jí
 3.53 ,五级  ,欣        ,xīn
 3.53 ,高等  ,揽        ,lǎn
 3.53 ,高等  ,纺        ,fǎng
 3.53 ,高等  ,丫        ,yā
 3.52 ,高等  ,茂        ,mào
 3.52 ,高等  ,陵        ,líng
 3.52 ,高等  ,崖        ,yá
 3.52 ,高等  ,韵        ,yùn
 3.52 ,高等  ,辰        ,chén
 3.52 ,高等  ,炫        ,xuàn
 3.52 ,高等  ,俘        ,fú
 3.52 ,高等  ,栽        ,zāi
 3.52 ,五级  ,旦        ,dàn
 3.52 ,六级  ,欺        ,qī
 3.52 ,六级  ,聘        ,pìn
 3.52 ,高等  ,锯        ,jù
 3.52 ,高等  ,蜜        ,mì
 3.52 ,五级  ,肠        ,cháng
 3.52 ,高等  ,轿        ,jiào
 3.52 ,五级  ,驶        ,shǐ
 3.52 ,高等  ,棚        ,péng
 3.51 ,高等  ,饥        ,jī
 3.51 ,高等  ,豹        ,bào
 3.51 ,高等  ,嵌        ,qiàn
 3.51 ,高等  ,雀        ,què
 3.51 ,高等  ,卓        ,zhuó
 3.51 ,高等  ,捣        ,dǎo
 3.51 ,高等  ,靴        ,xuē
 3.51 ,高等  ,覆        ,fù
 3.51 ,高等  ,宪        ,xiàn
 3.51 ,高等  ,诈        ,zhà
 3.51 ,高等  ,霉        ,méi
 3.51 ,高等  ,鹤        ,hè
 3.51 ,高等  ,荐        ,jiàn
 3.51 ,四级  ,疗        ,liáo
 3.51 ,高等  ,钞        ,chāo
 3.51 ,高等  ,贬        ,biǎn
 3.5  ,一级  ,孩        ,hái
 3.5  ,高等  ,恭        ,gōng
 3.5  ,高等  ,芽        ,yá
 3.5  ,高等  ,涛        ,tāo
 3.5  ,六级  ,畅        ,chàng
 3.5  ,高等  ,掐        ,qiā
 3.5  ,高等  ,孕        ,yùn
 3.5  ,五级  ,振        ,zhèn
 3.5  ,高等  ,脂        ,zhī
 3.5  ,六级  ,孤        ,gū
 3.5  ,五级  ,糊        ,hú
 3.5  ,高等  ,皂        ,zào
 3.49 ,高等  ,蝇        ,yíng
 3.49 ,高等  ,谨        ,jǐn
 3.49 ,高等  ,擅        ,shàn
 3.49 ,高等  ,盈        ,yíng
 3.49 ,二级  ,篮        ,lán
 3.49 ,五级  ,玻        ,bō
 3.49 ,高等  ,悦        ,yuè
 3.49 ,高等  ,捷        ,jié
 3.49 ,高等  ,桂        ,guì
 3.49 ,五级  ,偿        ,cháng
 3.49 ,高等  ,刨        ,páo
 3.49 ,一级  ,朋        ,péng
 3.49 ,六级  ,阔        ,kuò
 3.49 ,高等  ,拓        ,tuò
 3.49 ,高等  ,堕        ,duò
 3.49 ,六级  ,盲        ,máng
 3.49 ,五级  ,傅        ,fù
 3.49 ,六级  ,昌        ,chāng
 3.49 ,五级  ,葡        ,pú
 3.48 ,五级  ,厨        ,chú
 3.48 ,四级  ,腐        ,fǔ
 3.48 ,高等  ,浙        ,zhè
 3.48 ,高等  ,搁        ,gē
 3.48 ,高等  ,桨        ,jiǎng
 3.48 ,高等  ,溶        ,róng
 3.48 ,高等  ,掀        ,xiān
 3.48 ,高等  ,罕        ,hǎn
 3.48 ,高等  ,狭        ,xiá
 3.48 ,高等  ,逝        ,shì
 3.48 ,五级  ,盆        ,pén
 3.48 ,高等  ,蓬        ,péng
 3.48 ,高等  ,膨        ,péng
 3.48 ,四级  ,袜        ,wà
 3.47 ,高等  ,堤        ,dī
 3.47 ,高等  ,溅        ,jiàn
 3.47 ,三级  ,础        ,chǔ
 3.47 ,高等  ,膝        ,xī
 3.47 ,高等  ,腾        ,téng
 3.47 ,高等  ,吁        ,yù
 3.47 ,高等  ,曝        ,bào
 3.47 ,高等  ,拎        ,līn
 3.47 ,高等  ,阀        ,fá
 3.47 ,高等  ,哗        ,huá
 3.47 ,高等  ,畏        ,wèi
 3.47 ,高等  ,泊        ,bó
 3.47 ,六级  ,谦        ,qiān
 3.47 ,四级  ,燃        ,rán
 3.47 ,高等  ,搓        ,cuō
 3.47 ,高等  ,娇        ,jiāo
 3.47 ,高等  ,弊        ,bì
 3.46 ,高等  ,砌        ,qì
 3.46 ,五级  ,悔        ,huǐ
 3.46 ,五级  ,忆        ,yì
 3.46 ,高等  ,芳        ,fāng
 3.46 ,高等  ,蒜        ,suàn
 3.46 ,高等  ,攒        ,zǎn
 3.46 ,高等  ,魁        ,kuí
 3.46 ,高等  ,耻        ,chǐ
 3.46 ,六级  ,渠        ,qú
 3.46 ,高等  ,狮        ,shī
 3.46 ,高等  ,哑        ,yǎ
 3.46 ,四级  ,寒        ,hán
 3.46 ,六级  ,锋        ,fēng
 3.46 ,高等  ,弧        ,hú
 3.45 ,五级  ,龄        ,líng
 3.45 ,高等  ,儒        ,rú
 3.45 ,高等  ,厢        ,xiāng
 3.45 ,五级  ,貌        ,mào
 3.45 ,高等  ,熏        ,xūn
 3.45 ,一级  ,汽        ,qì
 3.45 ,六级  ,谅        ,liàng
 3.45 ,高等  ,婴        ,yīng
 3.45 ,高等  ,衔        ,xián
 3.45 ,高等  ,酿        ,niàng
 3.45 ,高等  ,盏        ,zhǎn
 3.45 ,高等  ,脊        ,jǐ
 3.44 ,五级  ,咳        ,ké
 3.44 ,高等  ,堪        ,kān
 3.44 ,六级  ,胞        ,bāo
 3.44 ,五级  ,卧        ,wò
 3.44 ,高等  ,翔        ,xiáng
 3.44 ,高等  ,廉        ,lián
 3.44 ,高等  ,搏        ,bó
 3.44 ,高等  ,凤        ,fèng
 3.44 ,高等  ,蜡        ,là
 3.44 ,高等  ,泄        ,xiè
 3.44 ,高等  ,胀        ,zhàng
 3.44 ,高等  ,浆        ,jiāng
 3.43 ,高等  ,牡        ,mǔ
 3.43 ,二级  ,晨        ,chén
 3.43 ,五级  ,眠        ,mián
 3.43 ,高等  ,凹        ,āo
 3.43 ,高等  ,耕        ,gēng
 3.43 ,高等  ,浸        ,jìn
 3.43 ,高等  ,颊        ,jiá
 3.43 ,六级  ,崇        ,chóng
 3.43 ,高等  ,芒        ,máng
 3.43 ,高等  ,聋        ,lóng
 3.42 ,高等  ,斥        ,chì
 3.42 ,四级  ,括        ,kuò
 3.42 ,高等  ,睦        ,mù
 3.42 ,高等  ,屠        ,tú
 3.42 ,高等  ,瓣        ,bàn
 3.42 ,一级  ,渴        ,kě
 3.42 ,四级  ,迅        ,xùn
 3.42 ,高等  ,梳        ,shū
 3.42 ,高等  ,嗜        ,shì
 3.41 ,高等  ,铭        ,míng
 3.41 ,高等  ,鞭        ,biān
 3.41 ,高等  ,淮        ,huái
 3.41 ,高等  ,矢        ,shǐ
 3.41 ,六级  ,绪        ,xù
 3.4  ,高等  ,弘        ,hóng
 3.4  ,高等  ,杖        ,zhàng
 3.4  ,高等  ,淹        ,yān
 3.4  ,高等  ,姿        ,zī
 3.4  ,高等  ,贞        ,zhēn
 3.4  ,高等  ,爵        ,jué
 3.4  ,二级  ,椅        ,yǐ
 3.4  ,高等  ,馅        ,xiàn
 3.4  ,高等  ,驳        ,bó
 3.4  ,高等  ,嫂        ,sǎo
 3.39 ,高等  ,殴        ,ōu
 3.39 ,高等  ,侨        ,qiáo
 3.39 ,高等  ,鼎        ,dǐng
 3.39 ,高等  ,膏        ,gāo
 3.39 ,五级  ,扰        ,rǎo
 3.39 ,高等  ,铸        ,zhù
 3.39 ,高等  ,阎        ,yán
 3.39 ,高等  ,乞        ,qǐ
 3.39 ,高等  ,痰        ,tán
 3.39 ,高等  ,屈        ,qū
 3.39 ,高等  ,澄        ,chéng
 3.39 ,高等  ,驰        ,chí
 3.38 ,五级  ,慰        ,wèi
 3.38 ,高等  ,舆        ,yú
 3.38 ,高等  ,灶        ,zào
 3.38 ,高等  ,掺        ,chān
 3.38 ,高等  ,蚀        ,shí
 3.38 ,高等  ,锈        ,xiù
 3.37 ,高等  ,侍        ,shì
 3.37 ,高等  ,捂        ,wǔ
 3.37 ,高等  ,棺        ,guān
 3.37 ,高等  ,旭        ,xù
 3.37 ,高等  ,拘        ,jū
 3.37 ,六级  ,幻        ,huàn
 3.37 ,高等  ,翠        ,cuì
 3.37 ,高等  ,嗅        ,xiù
 3.37 ,五级  ,脆        ,cuì
 3.37 ,高等  ,钥        ,yào
 3.37 ,高等  ,愚        ,yú
 3.37 ,四级  ,梯        ,tī
 3.37 ,高等  ,袍        ,páo
 3.37 ,高等  ,虹        ,hóng
 3.37 ,四级  ,描        ,miáo
 3.36 ,高等  ,靶        ,bǎ
 3.36 ,五级  ,乏        ,fá
 3.36 ,高等  ,勘        ,kān
 3.36 ,高等  ,蘸        ,zhàn
 3.36 ,四级  ,姨        ,yí
 3.36 ,高等  ,哀        ,āi
 3.36 ,高等  ,礁        ,jiāo
 3.36 ,高等  ,讼        ,sòng
 3.36 ,四级  ,塑        ,sù
 3.36 ,高等  ,履        ,lǚ
 3.36 ,高等  ,丙        ,bǐng
 3.36 ,五级  ,览        ,lǎn
 3.36 ,一级  ,午        ,wǔ
 3.35 ,四级  ,巾        ,jīn
 3.35 ,高等  ,熙        ,xī
 3.35 ,高等  ,缀        ,zhuì
 3.35 ,高等  ,矫        ,jiǎo
 3.35 ,六级  ,丧        ,sàng
 3.35 ,五级  ,悉        ,xī
 3.35 ,高等  ,凿        ,záo
 3.35 ,四级  ,殊        ,shū
 3.35 ,高等  ,斧        ,fǔ
 3.35 ,四级  ,纷        ,fēn
 3.34 ,高等  ,苍        ,cāng
 3.34 ,高等  ,棘        ,jí
 3.34 ,高等  ,秤        ,chèng
 3.34 ,高等  ,颖        ,yǐng
 3.34 ,高等  ,绷        ,bēng
 3.34 ,四级  ,肚        ,dù
 3.34 ,五级  ,励        ,lì
 3.34 ,高等  ,侦        ,zhēn
 3.34 ,高等  ,秩        ,zhì
 3.34 ,高等  ,浴        ,yù
 3.34 ,高等  ,煌        ,huáng
 3.33 ,高等  ,炭        ,tàn
 3.33 ,高等  ,瘫        ,tān
 3.33 ,五级  ,肃        ,sù
 3.33 ,高等  ,卤        ,lǔ
 3.33 ,高等  ,浑        ,hún
 3.33 ,五级  ,幽        ,yōu
 3.33 ,高等  ,慕        ,mù
 3.33 ,高等  ,掩        ,yǎn
 3.33 ,高等  ,眉        ,méi
 3.32 ,高等  ,窟        ,kū
 3.32 ,高等  ,蓄        ,xù
 3.32 ,高等  ,喇        ,lǎ
 3.32 ,高等  ,慈        ,cí
 3.32 ,高等  ,痕        ,hén
 3.32 ,四级  ,奋        ,fèn
 3.32 ,五级  ,夕        ,xī
 3.32 ,高等  ,滞        ,zhì
 3.32 ,高等  ,羞        ,xiū
 3.32 ,高等  ,谴        ,qiǎn
 3.31 ,高等  ,咽        ,yān
 3.31 ,高等  ,咽        ,yàn
 3.31 ,六级  ,障        ,zhàng
 3.31 ,高等  ,殷        ,yīn
 3.31 ,高等  ,慎        ,shèn
 3.31 ,高等  ,皱        ,zhòu
 3.31 ,高等  ,喻        ,yù
 3.31 ,高等  ,仲        ,zhòng
 3.31 ,高等  ,枯        ,kū
 3.31 ,高等  ,漂        ,piāo
 3.31 ,高等  ,柬        ,jiǎn
 3.31 ,高等  ,黏        ,nián
 3.31 ,二级  ,漂        ,piào
 3.31 ,高等  ,隶        ,lì
 3.31 ,高等  ,咽        ,yè
 3.31 ,高等  ,俏        ,qiào
 3.3  ,高等  ,囚        ,qiú
 3.3  ,高等  ,叭        ,bā
 3.3  ,高等  ,卸        ,xiè
 3.3  ,高等  ,稻        ,dào
 3.3  ,高等  ,拣        ,jiǎn
 3.3  ,高等  ,荆        ,jīng
 3.29 ,六级  ,袖        ,xiù
 3.29 ,高等  ,驮        ,tuó
 3.29 ,高等  ,晶        ,jīng
 3.29 ,五级  ,聪        ,cōng
 3.29 ,高等  ,峡        ,xiá
 3.29 ,高等  ,澜        ,lán
 3.28 ,高等  ,凝        ,níng
 3.28 ,高等  ,颤        ,chàn
 3.28 ,一级  ,昨        ,zuó
 3.28 ,高等  ,蚊        ,wén
 3.28 ,高等  ,缚        ,fù
 3.28 ,高等  ,腕        ,wàn
 3.28 ,高等  ,贩        ,fàn
 3.27 ,高等  ,沧        ,cāng
 3.27 ,高等  ,遛        ,liù
 3.27 ,六级  ,耀        ,yào
 3.27 ,五级  ,贸        ,mào
 3.27 ,六级  ,胁        ,xié
 3.27 ,高等  ,锐        ,ruì
 3.27 ,高等  ,卑        ,bēi
 3.27 ,三级  ,概        ,gài
 3.26 ,高等  ,滋        ,zī
 3.26 ,高等  ,骤        ,zhòu
 3.26 ,高等  ,瓷        ,cí
 3.26 ,高等  ,酬        ,chóu
 3.26 ,高等  ,怡        ,yí
 3.26 ,高等  ,缕        ,lǚ
 3.25 ,高等  ,魅        ,mèi
 3.25 ,六级  ,牲        ,shēng
 3.25 ,高等  ,祀        ,sì
 3.25 ,高等  ,倚        ,yǐ
 3.25 ,高等  ,抑        ,yì
 3.25 ,高等  ,惑        ,huò
 3.25 ,高等  ,喉        ,hóu
 3.25 ,高等  ,郁        ,yù
 3.25 ,六级  ,勺        ,sháo
 3.25 ,高等  ,绯        ,fēi
 3.25 ,高等  ,庸        ,yōng
 3.24 ,高等  ,惩        ,chéng
 3.24 ,五级  ,绒        ,róng
 3.24 ,高等  ,匠        ,jiàng
 3.24 ,高等  ,讽        ,fěng
 3.24 ,高等  ,矩        ,jǔ
 3.24 ,高等  ,刁        ,diāo
 3.24 ,高等  ,沫        ,mò
 3.24 ,四级  ,锻        ,duàn
 3.24 ,高等  ,焊        ,hàn
 3.23 ,高等  ,橘        ,jú
 3.23 ,高等  ,蔓        ,màn
 3.23 ,六级  ,诞        ,dàn
 3.23 ,高等  ,钳        ,qián
 3.23 ,高等  ,毅        ,yì
 3.23 ,高等  ,匀        ,yún
 3.23 ,高等  ,叛        ,pàn
 3.23 ,高等  ,挽        ,wǎn
 3.23 ,六级  ,傲        ,ào
 3.22 ,高等  ,冶        ,yě
 3.22 ,三级  ,啤        ,pí
 3.22 ,高等  ,屿        ,yǔ
 3.22 ,高等  ,撇        ,piě
 3.22 ,六级  ,厕        ,cè
 3.22 ,高等  ,徽        ,huī
 3.22 ,高等  ,扳        ,bān
 3.22 ,高等  ,谣        ,yáo
 3.22 ,高等  ,疆        ,jiāng
 3.22 ,高等  ,绞        ,jiǎo
 3.22 ,高等  ,彬        ,bīn
 3.22 ,高等  ,茅        ,máo
 3.22 ,高等  ,纬        ,wěi
 3.21 ,高等  ,讳        ,huì
 3.21 ,高等  ,舵        ,duò
 3.21 ,高等  ,侣        ,lǚ
 3.21 ,高等  ,拴        ,shuān
 3.21 ,高等  ,辫        ,biàn
 3.21 ,高等  ,撬        ,qiào
 3.21 ,高等  ,捶        ,chuí
 3.21 ,高等  ,溃        ,kuì
 3.21 ,高等  ,隙        ,xì
 3.21 ,高等  ,鸽        ,gē
 3.21 ,高等  ,椒        ,jiāo
 3.21 ,高等  ,舟        ,zhōu
 3.21 ,六级  ,仰        ,yǎng
 3.2  ,高等  ,泣        ,qì
 3.2  ,高等  ,雁        ,yàn
 3.2  ,五级  ,央        ,yāng
 3.2  ,高等  ,煲        ,bāo
 3.2  ,高等  ,唬        ,hǔ
 3.2  ,六级  ,纠        ,jiū
 3.2  ,高等  ,浊        ,zhuó
 3.2  ,高等  ,哨        ,shào
 3.2  ,高等  ,饵        ,ěr
 3.2  ,高等  ,飙        ,biāo
 3.2  ,高等  ,挫        ,cuò
 3.2  ,五级  ,惜        ,xī
 3.2  ,高等  ,荫        ,yīn
 3.2  ,高等  ,膛        ,táng
 3.19 ,高等  ,稀        ,xī
 3.19 ,高等  ,卦        ,guà
 3.19 ,六级  ,殖        ,zhí
 3.19 ,高等  ,钧        ,jūn
 3.19 ,高等  ,甸        ,diàn
 3.19 ,高等  ,墟        ,xū
 3.19 ,三级  ,姑        ,gū
 3.19 ,高等  ,帆        ,fān
 3.19 ,高等  ,迭        ,dié
 3.19 ,高等  ,呕        ,ǒu
 3.18 ,高等  ,涵        ,hán
 3.18 ,高等  ,沐        ,mù
 3.18 ,高等  ,胚        ,pēi
 3.18 ,高等  ,昔        ,xī
 3.18 ,高等  ,肆        ,sì
 3.17 ,高等  ,捎        ,shāo
 3.17 ,高等  ,涮        ,shuàn
 3.17 ,高等  ,蹬        ,dēng
 3.17 ,高等  ,劣        ,liè
 3.17 ,高等  ,栖        ,qī
 3.17 ,五级  ,帘        ,lián
 3.17 ,六级  ,娱        ,yú
 3.17 ,高等  ,媚        ,mèi
 3.17 ,高等  ,屑        ,xiè
 3.17 ,高等  ,彰        ,zhāng
 3.17 ,高等  ,枣        ,zǎo
 3.16 ,高等  ,簇        ,cù
 3.16 ,五级  ,厌        ,yàn
 3.16 ,高等  ,菇        ,gū
 3.15 ,三级  ,泳        ,yǒng
 3.15 ,高等  ,悠        ,yōu
 3.15 ,高等  ,旱        ,hàn
 3.15 ,五级  ,逻        ,luó
 3.15 ,高等  ,淀        ,diàn
 3.15 ,高等  ,逞        ,chěng
 3.14 ,六级  ,谐        ,xié
 3.14 ,高等  ,厦        ,shà
 3.14 ,高等  ,疲        ,pí
 3.14 ,六级  ,蹈        ,dǎo
 3.14 ,高等  ,贮        ,zhù
 3.14 ,高等  ,骏        ,jùn
 3.14 ,高等  ,淋        ,lín
 3.14 ,高等  ,熄        ,xī
 3.14 ,六级  ,歉        ,qiàn
 3.13 ,五级  ,郊        ,jiāo
 3.13 ,高等  ,毯        ,tǎn
 3.13 ,高等  ,禽        ,qín
 3.13 ,五级  ,谊        ,yì
 3.13 ,五级  ,肤        ,fū
 3.13 ,高等  ,颠        ,diān
 3.12 ,高等  ,讹        ,é
 3.12 ,高等  ,旬        ,xún
 3.12 ,高等  ,抡        ,lūn
 3.12 ,高等  ,耿        ,gěng
 3.12 ,高等  ,稽        ,jī
 3.12 ,高等  ,霞        ,xiá
 3.11 ,六级  ,骄        ,jiāo
 3.11 ,高等  ,寝        ,qǐn
 3.11 ,高等  ,玫        ,méi
 3.11 ,三级  ,衬        ,chèn
 3.1  ,高等  ,拢        ,lǒng
 3.1  ,高等  ,碌        ,lù
 3.1  ,高等  ,匙        ,shi
 3.09 ,高等  ,峙        ,zhì
 3.09 ,高等  ,焚        ,fén
 3.08 ,高等  ,淌        ,tǎng
 3.08 ,高等  ,垄        ,lǒng
 3.08 ,高等  ,畴        ,chóu
 3.08 ,高等  ,衅        ,xìn
 3.08 ,四级  ,丈        ,zhàng
 3.08 ,六级  ,巩        ,gǒng
 3.08 ,高等  ,梢        ,shāo
 3.07 ,高等  ,滤        ,lǜ
 3.07 ,四级  ,措        ,cuò
 3.07 ,五级  ,诊        ,zhěn
 3.07 ,高等  ,脖        ,bó
 3.07 ,高等  ,橡        ,xiàng
 3.06 ,高等  ,踊        ,yǒng
 3.06 ,高等  ,沮        ,jǔ
 3.06 ,高等  ,揣        ,chuǎi
 3.06 ,六级  ,愉        ,yú
 3.06 ,高等  ,睹        ,dǔ
 3.06 ,高等  ,揣        ,chuāi
 3.06 ,三级  ,蕉        ,jiāo
 3.06 ,高等  ,祈        ,qí
 3.06 ,高等  ,吏        ,lì
 3.05 ,高等  ,蔼        ,ǎi
 3.05 ,高等  ,顷        ,qǐng
 3.05 ,高等  ,烘        ,hōng
 3.05 ,高等  ,藻        ,zǎo
 3.05 ,高等  ,匿        ,nì
 3.05 ,六级  ,茄        ,qié
 3.05 ,五级  ,厉        ,lì
 3.04 ,高等  ,辐        ,fú
 3.04 ,五级  ,艰        ,jiān
 3.04 ,高等  ,筛        ,shāi
 3.04 ,高等  ,沼        ,zhǎo
 3.04 ,高等  ,竭        ,jié
 3.04 ,高等  ,榨        ,zhà
 3.03 ,五级  ,漠        ,mò
 3.03 ,六级  ,顽        ,wán
 3.03 ,高等  ,腺        ,xiàn
 3.03 ,高等  ,枉        ,wǎng
 3.02 ,高等  ,栓        ,shuān
 3.02 ,高等  ,肇        ,zhào
 3.02 ,高等  ,妄        ,wàng
 3.02 ,高等  ,灿        ,càn
 3.02 ,高等  ,崭        ,zhǎn
 3.02 ,高等  ,饲        ,sì
 3.01 ,高等  ,粽        ,zòng
 3.01 ,高等  ,寓        ,yù
 3.01 ,高等  ,曙        ,shǔ
 3.01 ,高等  ,耽        ,dān
 3.01 ,五级  ,脾        ,pí
 3.01 ,高等  ,衍        ,yǎn
 3.01 ,高等  ,嚷        ,rǎng
 3.0  ,高等  ,赡        ,shàn
 3.0  ,高等  ,寡        ,guǎ
 3.0  ,高等  ,诵        ,sòng
 3.0  ,高等  ,秽        ,huì
 3.0  ,高等  ,萍        ,píng
 3.0  ,高等  ,峻        ,jùn
 3.0  ,高等  ,陨        ,yǔn
 3.0  ,高等  ,哺        ,bǔ
 2.99 ,高等  ,跤        ,jiāo
 2.99 ,高等  ,焰        ,yàn
 2.99 ,高等  ,阐        ,chǎn
 2.99 ,高等  ,迄        ,qì
 2.99 ,高等  ,骇        ,hài
 2.99 ,高等  ,叨        ,dāo
 2.99 ,高等  ,唤        ,huàn
 2.99 ,五级  ,倡        ,chàng
 2.99 ,高等  ,诫        ,jiè
 2.99 ,高等  ,筐        ,kuāng
 2.99 ,高等  ,涡        ,wō
 2.99 ,高等  ,沽        ,gū
 2.99 ,高等  ,舶        ,bó
 2.98 ,三级  ,苹        ,píng
 2.98 ,高等  ,宵        ,xiāo
 2.98 ,五级  ,怜        ,lián
 2.98 ,高等  ,敞        ,chǎng
 2.98 ,高等  ,噪        ,zào
 2.98 ,高等  ,歧        ,qí
 2.97 ,高等  ,灸        ,jiǔ
 2.97 ,高等  ,汰        ,tài
 2.97 ,高等  ,馈        ,kuì
 2.96 ,高等  ,陡        ,dǒu
 2.96 ,高等  ,竿        ,gān
 2.96 ,高等  ,灼        ,zhuó
 2.96 ,高等  ,鞠        ,jū
 2.95 ,高等  ,馨        ,xīn
 2.95 ,高等  ,膳        ,shàn
 2.95 ,高等  ,渗        ,shèn
 2.95 ,高等  ,溯        ,sù
 2.95 ,高等  ,绵        ,mián
 2.95 ,高等  ,壤        ,rǎng
 2.95 ,高等  ,肢        ,zhī
 2.94 ,二级  ,睛        ,jīng
 2.94 ,二级  ,饺        ,jiǎo
 2.94 ,高等  ,烹        ,pēng
 2.94 ,高等  ,刹        ,shā
 2.94 ,高等  ,刹        ,chà
 2.94 ,高等  ,橱        ,chú
 2.94 ,高等  ,衷        ,zhōng
 2.94 ,高等  ,渊        ,yuān
 2.93 ,高等  ,挟        ,xié
 2.93 ,高等  ,募        ,mù
 2.92 ,高等  ,摧        ,cuī
 2.92 ,高等  ,戚        ,qī
 2.92 ,高等  ,悼        ,dào
 2.92 ,高等  ,凰        ,huáng
 2.92 ,高等  ,寂        ,jì
 2.92 ,高等  ,鸦        ,yā
 2.92 ,高等  ,虔        ,qián
 2.92 ,高等  ,纤        ,xiān
 2.91 ,六级  ,愤        ,fèn
 2.91 ,高等  ,媳        ,xí
 2.9  ,高等  ,瞻        ,zhān
 2.9  ,高等  ,瞬        ,shùn
 2.9  ,五级  ,悄        ,qiāo
 2.9  ,高等  ,驭        ,yù
 2.9  ,高等  ,诧        ,chà
 2.9  ,高等  ,枢        ,shū
 2.9  ,高等  ,勉        ,miǎn
 2.9  ,高等  ,垦        ,kěn
 2.9  ,高等  ,炊        ,chuī
 2.89 ,高等  ,溢        ,yì
 2.89 ,高等  ,沛        ,pèi
 2.89 ,高等  ,瘟        ,wēn
 2.89 ,高等  ,苛        ,kē
 2.89 ,高等  ,稚        ,zhì
 2.87 ,高等  ,腥        ,xīng
 2.87 ,高等  ,瞩        ,zhǔ
 2.87 ,高等  ,蕴        ,yùn
 2.87 ,高等  ,芦        ,lú
 2.86 ,高等  ,燥        ,zào
 2.86 ,高等  ,谤        ,bàng
 2.86 ,高等  ,奠        ,diàn
 2.86 ,高等  ,绽        ,zhàn
 2.86 ,三级  ,啡        ,fēi
 2.85 ,高等  ,僚        ,liáo
 2.85 ,五级  ,柿        ,shì
 2.85 ,高等  ,捍        ,hàn
 2.85 ,高等  ,沸        ,fèi
 2.85 ,高等  ,陌        ,mò
 2.85 ,高等  ,绰        ,chuò
 2.84 ,高等  ,颓        ,tuí
 2.84 ,高等  ,躬        ,gōng
 2.84 ,高等  ,冗        ,rǒng
 2.84 ,高等  ,泻        ,xiè
 2.84 ,高等  ,驯        ,xùn
 2.83 ,高等  ,赁        ,lìn
 2.83 ,高等  ,焕        ,huàn
 2.82 ,高等  ,倦        ,juàn
 2.82 ,高等  ,瑰        ,guī
 2.82 ,六级  ,傍        ,bàng
 2.82 ,高等  ,窒        ,zhì
 2.81 ,六级  ,憾        ,hàn
 2.81 ,高等  ,缉        ,jī
 2.81 ,高等  ,怖        ,bù
 2.81 ,高等  ,恳        ,kěn
 2.81 ,高等  ,糙        ,cāo
 2.81 ,高等  ,槐        ,huái
 2.81 ,高等  ,帜        ,zhì
 2.81 ,高等  ,凳        ,dèng
 2.8  ,高等  ,窍        ,qiào
 2.8  ,高等  ,晤        ,wù
 2.8  ,高等  ,狡        ,jiǎo
 2.8  ,高等  ,酣        ,hān
 2.8  ,高等  ,谬        ,miù
 2.79 ,六级  ,薯        ,shǔ
 2.79 ,高等  ,弛        ,chí
 2.79 ,高等  ,唠        ,láo
 2.79 ,六级  ,氛        ,fēn
 2.79 ,高等  ,恼        ,nǎo
 2.79 ,高等  ,嫉        ,jí
 2.79 ,高等  ,疫        ,yì
 2.79 ,高等  ,胧        ,lóng
 2.78 ,高等  ,擎        ,qíng
 2.78 ,五级  ,璃        ,lí
 2.78 ,高等  ,稠        ,chóu
 2.78 ,高等  ,隘        ,ài
 2.78 ,高等  ,俭        ,jiǎn
 2.78 ,高等  ,缆        ,lǎn
 2.77 ,高等  ,蔽        ,bì
 2.77 ,高等  ,怠        ,dài
 2.76 ,高等  ,漾        ,yàng
 2.76 ,高等  ,耸        ,sǒng
 2.76 ,高等  ,篷        ,péng
 2.76 ,高等  ,嗦        ,suō
 2.76 ,高等  ,粹        ,cuì
 2.76 ,高等  ,韧        ,rèn
 2.75 ,高等  ,奢        ,shē
 2.75 ,高等  ,髓        ,suǐ
 2.74 ,高等  ,啸        ,xiào
 2.74 ,高等  ,躁        ,zào
 2.73 ,高等  ,宙        ,zhòu
 2.73 ,高等  ,昧        ,mèi
 2.73 ,高等  ,愧        ,kuì
 2.72 ,高等  ,涯        ,yá
 2.72 ,高等  ,尬        ,gà
 2.71 ,高等  ,俯        ,fǔ
 2.71 ,高等  ,楷        ,kǎi
 2.71 ,高等  ,嬉        ,xī
 2.71 ,高等  ,筝        ,zhēng
 2.7  ,高等  ,赂        ,lù
 2.7  ,高等  ,膀        ,bǎng
 2.7  ,高等  ,椰        ,yē
 2.69 ,高等  ,绅        ,shēn
 2.69 ,高等  ,嘱        ,zhǔ
 2.69 ,高等  ,婉        ,wǎn
 2.69 ,高等  ,缤        ,bīn
 2.69 ,高等  ,懈        ,xiè
 2.69 ,六级  ,牺        ,xī
 2.69 ,高等  ,谍        ,dié
 2.69 ,高等  ,讶        ,yà
 2.68 ,高等  ,抒        ,shū
 2.68 ,高等  ,凄        ,qī
 2.68 ,高等  ,闺        ,guī
 2.67 ,高等  ,吭        ,kēng
 2.67 ,高等  ,莹        ,yíng
 2.67 ,高等  ,莽        ,mǎng
 2.67 ,高等  ,倔        ,juè
 2.67 ,高等  ,酵        ,jiào
 2.67 ,高等  ,倔        ,jué
 2.66 ,高等  ,秉        ,bǐng
 2.66 ,高等  ,辙        ,zhé
 2.66 ,高等  ,躯        ,qū
 2.66 ,高等  ,怯        ,qiè
 2.66 ,高等  ,廓        ,kuò
 2.65 ,高等  ,姻        ,yīn
 2.65 ,高等  ,惰        ,duò
 2.65 ,高等  ,烁        ,shuò
 2.65 ,高等  ,剖        ,pōu
 2.65 ,高等  ,洽        ,qià
 2.65 ,高等  ,僻        ,pì
 2.64 ,高等  ,磊        ,lěi
 2.64 ,高等  ,瀑        ,pù
 2.64 ,高等  ,遏        ,è
 2.64 ,高等  ,贿        ,huì
 2.64 ,高等  ,酝        ,yùn
 2.64 ,高等  ,绸        ,chóu
 2.64 ,高等  ,恍        ,huǎng
 2.64 ,高等  ,槛        ,kǎn
 2.63 ,高等  ,隧        ,suì
 2.63 ,高等  ,嘲        ,cháo
 2.63 ,高等  ,炬        ,jù
 2.63 ,五级  ,萄        ,táo
 2.62 ,高等  ,旷        ,kuàng
 2.62 ,高等  ,煽        ,shān
 2.61 ,高等  ,缔        ,dì
 2.6  ,高等  ,拄        ,zhǔ
 2.6  ,高等  ,乓        ,pāng
 2.6  ,高等  ,岔        ,chà
 2.6  ,高等  ,拙        ,zhuō
 2.6  ,高等  ,辜        ,gū
 2.59 ,高等  ,倘        ,tǎng
 2.59 ,高等  ,崛        ,jué
 2.58 ,高等  ,搀        ,chān
 2.58 ,高等  ,狈        ,bèi
 2.58 ,高等  ,朽        ,xiǔ
 2.57 ,高等  ,烛        ,zhú
 2.56 ,高等  ,菩        ,pú
 2.55 ,高等  ,敛        ,liǎn
 2.55 ,高等  ,妨        ,fáng
 2.55 ,高等  ,墅        ,shù
 2.55 ,高等  ,婿        ,xù
 2.55 ,高等  ,舅        ,jiù
 2.55 ,高等  ,惕        ,tì
 2.55 ,高等  ,祷        ,dǎo
 2.55 ,高等  ,盹        ,dǔn
 2.54 ,高等  ,魄        ,pò
 2.54 ,高等  ,剔        ,tī
 2.53 ,高等  ,昼        ,zhòu
 2.53 ,高等  ,稼        ,jià
 2.53 ,高等  ,茫        ,máng
 2.52 ,高等  ,涤        ,dí
 2.52 ,高等  ,绎        ,yì
 2.52 ,高等  ,淆        ,xiáo
 2.52 ,高等  ,潦        ,liáo
 2.51 ,高等  ,慑        ,shè
 2.51 ,高等  ,孵        ,fū
 2.51 ,高等  ,袱        ,fú
 2.51 ,高等  ,蔑        ,miè
 2.51 ,高等  ,巅        ,diān
 2.51 ,高等  ,酌        ,zhuó
 2.51 ,高等  ,豁        ,huō
 2.51 ,高等  ,豁        ,huò
 2.5  ,高等  ,撼        ,hàn
 2.5  ,高等  ,兢        ,jīng
 2.5  ,五级  ,蔬        ,shū
 2.49 ,高等  ,侃        ,kǎn
 2.49 ,高等  ,睬        ,cǎi
 2.48 ,高等  ,侈        ,chǐ
 2.48 ,高等  ,沏        ,qī
 2.47 ,高等  ,慨        ,kǎi
 2.47 ,高等  ,秧        ,yāng
 2.47 ,四级  ,圾        ,jī
 2.47 ,高等  ,丐        ,gài
 2.46 ,高等  ,浏        ,liú
 2.46 ,高等  ,乒        ,pīng
 2.45 ,高等  ,萎        ,wěi
 2.45 ,高等  ,臊        ,sào
 2.45 ,高等  ,妒        ,dù
 2.44 ,高等  ,阂        ,hé
 2.44 ,高等  ,陋        ,lòu
 2.44 ,高等  ,孪        ,luán
 2.43 ,高等  ,徊        ,huái
 2.41 ,高等  ,姥        ,lǎo
 2.41 ,高等  ,絮        ,xù
 2.4  ,高等  ,喧        ,xuān
 2.4  ,高等  ,肪        ,fáng
 2.4  ,高等  ,痪        ,huàn
 2.39 ,高等  ,泌        ,mì
 2.38 ,高等  ,卉        ,huì
 2.38 ,高等  ,惦        ,diàn
 2.38 ,高等  ,唾        ,tuò
 2.38 ,高等  ,髦        ,máo
 2.38 ,高等  ,赃        ,zāng
 2.37 ,高等  ,溉        ,gài
 2.37 ,高等  ,挎        ,kuà
 2.37 ,高等  ,畸        ,jī
 2.36 ,高等  ,鄙        ,bǐ
 2.36 ,高等  ,猩        ,xīng
 2.36 ,高等  ,嗓        ,sǎng
 2.35 ,高等  ,弈        ,yì
 2.33 ,四级  ,暑        ,shǔ
 2.33 ,高等  ,挚        ,zhì
 2.32 ,高等  ,羡        ,xiàn
 2.32 ,高等  ,寥        ,liáo
 2.31 ,高等  ,膊        ,bó
 2.31 ,高等  ,渺        ,miǎo
 2.31 ,高等  ,尴        ,gān
 2.3  ,高等  ,伺        ,cì
 2.3  ,高等  ,伺        ,sì
 2.3  ,高等  ,痹        ,bì
 2.3  ,高等  ,滔        ,tāo
 2.3  ,高等  ,涝        ,lào
 2.28 ,高等  ,嗽        ,sòu
 2.26 ,四级  ,垃        ,lā
 2.26 ,高等  ,琢        ,zhuó
 2.25 ,高等  ,阱        ,jǐng
 2.25 ,高等  ,吩        ,fēn
 2.24 ,高等  ,馁        ,něi
 2.2  ,高等  ,惫        ,bèi
 2.19 ,高等  ,譬        ,pì
 2.18 ,高等  ,氓        ,máng
 2.17 ,高等  ,侮        ,wǔ
 2.16 ,高等  ,晰        ,xī
 2.15 ,二级  ,筷        ,kuài
 2.14 ,高等  ,窘        ,jiǒng
 2.13 ,高等  ,拯        ,zhěng
 2.13 ,高等  ,诽        ,fěi
 2.12 ,高等  ,猖        ,chāng
 2.11 ,高等  ,磋        ,cuō
 2.1  ,高等  ,惭        ,cán
 2.1  ,高等  ,讥        ,jī
 2.1  ,高等  ,慷        ,kāng
 2.08 ,高等  ,涕        ,tì
 2.07 ,高等  ,匆        ,cōng
 2.07 ,高等  ,歹        ,dǎi
 2.06 ,高等  ,殃        ,yāng
 2.04 ,高等  ,攘        ,rǎng
 2.03 ,高等  ,汛        ,xùn
 2.02 ,高等  ,媲        ,pì
 2.0  ,高等  ,抨        ,pēng
 1.97 ,高等  ,囱        ,cōng
 1.97 ,六级  ,馒        ,mán
 1.96 ,高等  ,嫦        ,cháng
 1.94 ,高等  ,咙        ,lóng
 1.92 ,高等  ,猾        ,huá
 1.92 ,高等  ,咐        ,fù
 1.92 ,高等  ,婪        ,lán
 1.91 ,高等  ,竣        ,jùn
 1.89 ,高等  ,荧        ,yíng
 1.88 ,高等  ,寞        ,mò
 1.87 ,高等  ,蘑        ,mó
 1.87 ,高等  ,惋        ,wǎn
 1.85 ,高等  ,潇        ,xiāo
 1.79 ,高等  ,紊        ,wěn
 1.78 ,高等  ,屉        ,tì
 1.78 ,高等  ,胳        ,gē
 1.77 ,高等  ,徘        ,pái
 1.73 ,高等  ,酗        ,xù
 1.63 ,高等  ,窿        ,lóng
 1.55 ,高等  ,屹        ,yì
 1.5  ,高等  ,朦        ,méng
 1.14 ,高等  ,汹        ,xiōng
