No.,级别,汉字,拼音
1,四级,阿,ā
2,二级,啊,a
3,四级,啊,ā
4,高等,哎,āi
5,高等,哀,āi
6,六级,挨,āi
7,六级,挨,ái
8,高等,癌,ái
9,四级,矮,ǎi
10,高等,蔼,ǎi
11,高等,艾,ài
12,高等,唉,ài
13,一级,爱,ài
14,高等,隘,ài
15,五级,碍,ài
16,二级,安,ān
17,五级,岸,àn
18,三级,按,àn
19,四级,案,àn
20,四级,暗,àn
21,高等,昂,áng
22,高等,凹,āo
23,高等,熬,áo
24,六级,傲,ào
25,高等,奥,ào
26,高等,澳,ào
27,一级,八,bā
28,四级,巴,bā
29,高等,扒,bā
30,高等,叭,bā
31,高等,芭,bā
32,五级,拔,bá
33,三级,把,bǎ
34,高等,靶,bǎ
35,高等,坝,bà
36,一级,爸,bà
37,六级,罢,bà
38,高等,霸,bà
39,一级,吧,ba
40,四级,吧,bā
41,高等,掰,bāi
42,一级,白,bái
43,一级,百,bǎi
44,高等,柏,bǎi
45,四级,摆,bǎi
46,四级,败,bài
47,五级,拜,bài
48,高等,扳,bān
49,一级,班,bān
50,二级,般,bān
51,高等,颁,bān
52,高等,斑,bān
53,三级,搬,bān
54,二级,板,bǎn
55,五级,版,bǎn
56,二级,办,bàn
57,一级,半,bàn
58,五级,扮,bàn
59,四级,伴,bàn
60,高等,拌,bàn
61,高等,瓣,bàn
62,高等,邦,bāng
63,一级,帮,bāng
64,高等,绑,bǎng
65,六级,榜,bǎng
66,高等,膀,bǎng
67,五级,棒,bàng
68,六级,傍,bàng
69,高等,谤,bàng
70,高等,磅,bàng
71,高等,镑,bàng
72,一级,包,bāo
73,六级,胞,bāo
74,高等,煲,bāo
75,四级,薄,báo
76,高等,薄,bó
77,二级,饱,bǎo
78,四级,宝,bǎo
79,三级,保,bǎo
80,高等,堡,bǎo
81,二级,报,bào
82,四级,抱,bào
83,高等,豹,bào
84,六级,暴,bào
85,高等,曝,bào
86,六级,爆,bào
87,一级,杯,bēi
88,高等,卑,bēi
89,五级,悲,bēi
90,高等,碑,bēi
91,一级,北,běi
92,四级,贝,bèi
93,高等,狈,bèi
94,一级,备,bèi
95,二级,背,bèi
96,三级,背,bēi
97,四级,倍,bèi
98,三级,被,bèi
99,五级,辈,bèi
100,高等,惫,bèi
101,六级,奔,bēn
102,高等,奔,bèn
103,一级,本,běn
104,四级,笨,bèn
105,高等,崩,bēng
106,高等,绷,bēng
107,高等,蹦,bèng
108,六级,逼,bī
109,五级,鼻,bí
110,一级,比,bǐ
111,五级,彼,bǐ
112,二级,笔,bǐ
113,高等,鄙,bǐ
114,三级,币,bì
115,二级,必,bì
116,四级,毕,bì
117,四级,闭,bì
118,高等,毙,bì
119,高等,痹,bì
120,高等,碧,bì
121,高等,蔽,bì
122,高等,弊,bì
123,五级,壁,bì
124,四级,避,bì
125,高等,臂,bì
126,一级,边,biān
127,四级,编,biān
128,高等,鞭,biān
129,高等,贬,biǎn
130,六级,扁,biǎn
131,二级,变,biàn
132,二级,便,biàn
133,二级,便,pián
134,二级,遍,biàn
135,高等,辨,biàn
136,四级,辩,biàn
137,高等,辫,biàn
138,三级,标,biāo
139,高等,飙,biāo
140,二级,表,biǎo
141,高等,憋,biē
142,一级,别,bié
143,高等,别,biè
144,五级,宾,bīn
145,高等,彬,bīn
146,高等,滨,bīn
147,高等,缤,bīn
148,四级,冰,bīng
149,四级,兵,bīng
150,高等,丙,bǐng
151,高等,秉,bǐng
152,高等,柄,bǐng
153,五级,饼,bǐng
154,三级,并,bìng
155,一级,病,bìng
156,六级,拨,bō
157,六级,波,bō
158,五级,玻,bō
159,高等,剥,bō
160,高等,剥,bāo
161,三级,播,bō
162,高等,伯,bó
163,高等,驳,bó
164,高等,泊,bó
165,高等,勃,bó
166,高等,舶,bó
167,高等,脖,bó
168,五级,博,bó
169,高等,搏,bó
170,高等,膊,bó
171,高等,卜,bo
172,高等,卜,bǔ
173,三级,补,bǔ
174,六级,捕,bǔ
175,高等,哺,bǔ
176,一级,不,bù
177,三级,布,bù
178,三级,步,bù
179,高等,怖,bù
180,二级,部,bù
181,四级,擦,cā
182,五级,猜,cāi
183,二级,才,cái
184,三级,材,cái
185,四级,财,cái
186,五级,裁,cái
187,三级,采,cǎi
188,三级,彩,cǎi
189,高等,睬,cǎi
190,六级,踩,cǎi
191,一级,菜,cài
192,二级,参,cān
193,二级,餐,cān
194,六级,残,cán
195,高等,惭,cán
196,六级,惨,cǎn
197,高等,灿,càn
198,六级,仓,cāng
199,高等,苍,cāng
200,高等,沧,cāng
201,高等,舱,cāng
202,六级,藏,cáng
203,高等,藏,zàng
204,四级,操,cāo
205,高等,糙,cāo
206,高等,曹,cáo
207,高等,槽,cáo
208,二级,草,cǎo
209,五级,册,cè
210,六级,厕,cè
211,六级,侧,cè
212,四级,测,cè
213,六级,策,cè
214,二级,层,céng
215,三级,曾,céng
216,高等,蹭,cèng
217,五级,叉,chā
218,五级,插,chā
219,一级,茶,chá
220,二级,查,chá
221,三级,察,chá
222,高等,岔,chà
223,高等,刹,chà
224,高等,刹,shā
225,高等,诧,chà
226,一级,差,chà
227,五级,差,chā
228,五级,差,chāi
229,五级,拆,chāi
230,五级,柴,chái
231,高等,掺,chān
232,高等,搀,chān
233,高等,馋,chán
234,高等,禅,chán
235,高等,缠,chán
236,三级,产,chǎn
237,高等,铲,chǎn
238,高等,阐,chǎn
239,高等,颤,chàn
240,六级,昌,chāng
241,高等,猖,chāng
242,二级,长,cháng
243,二级,长,zhǎng
244,五级,肠,cháng
245,五级,尝,cháng
246,一级,常,cháng
247,五级,偿,cháng
248,高等,嫦,cháng
249,三级,厂,chǎng
250,一级,场,chǎng
251,高等,敞,chǎng
252,六级,畅,chàng
253,五级,倡,chàng
254,一级,唱,chàng
255,四级,抄,chāo
256,高等,钞,chāo
257,二级,超,chāo
258,高等,巢,cháo
259,三级,朝,cháo
260,高等,朝,zhāo
261,高等,嘲,cháo
262,四级,潮,cháo
263,三级,吵,chǎo
264,六级,炒,chǎo
265,一级,车,chē
266,高等,扯,chě
267,四级,彻,chè
268,六级,撤,chè
269,高等,臣,chén
270,高等,尘,chén
271,高等,辰,chén
272,四级,沉,chén
273,高等,陈,chén
274,二级,晨,chén
275,三级,衬,chèn
276,高等,趁,chèn
277,二级,称,chèn
278,二级,称,chēng
279,六级,撑,chēng
280,二级,成,chéng
281,高等,呈,chéng
282,四级,诚,chéng
283,四级,承,chéng
284,三级,城,chéng
285,五级,乘,chéng
286,三级,程,chéng
287,高等,惩,chéng
288,高等,澄,chéng
289,高等,橙,chéng
290,高等,逞,chěng
291,高等,秤,chèng
292,一级,吃,chī
293,高等,痴,chī
294,五级,池,chí
295,高等,弛,chí
296,高等,驰,chí
297,四级,迟,chí
298,三级,持,chí
299,四级,尺,chǐ
300,高等,齿,chǐ
301,高等,侈,chǐ
302,高等,耻,chǐ
303,高等,斥,chì
304,高等,赤,chì
305,高等,翅,chì
306,四级,冲,chōng
307,六级,冲,chòng
308,三级,充,chōng
309,四级,虫,chóng
310,六级,崇,chóng
311,六级,宠,chǒng
312,四级,抽,chōu
313,高等,仇,chóu
314,高等,绸,chóu
315,高等,畴,chóu
316,高等,酬,chóu
317,高等,稠,chóu
318,五级,愁,chóu
319,高等,筹,chóu
320,五级,丑,chǒu
321,高等,瞅,chǒu
322,五级,臭,chòu
323,一级,出,chū
324,三级,初,chū
325,三级,除,chú
326,五级,厨,chú
327,高等,橱,chú
328,三级,础,chǔ
329,六级,储,chǔ
330,二级,楚,chǔ
331,二级,处,chù
332,三级,处,chǔ
333,高等,畜,chù
334,五级,触,chù
335,高等,揣,chuāi
336,高等,揣,chuǎi
337,高等,踹,chuài
338,高等,川,chuān
339,一级,穿,chuān
340,三级,传,chuán
341,高等,传,zhuàn
342,二级,船,chuán
343,高等,喘,chuǎn
344,六级,串,chuàn
345,四级,窗,chuāng
346,一级,床,chuáng
347,五级,闯,chuǎng
348,三级,创,chuàng
349,高等,创,chuāng
350,二级,吹,chuī
351,高等,炊,chuī
352,高等,垂,chuí
353,高等,捶,chuí
354,高等,锤,chuí
355,二级,春,chūn
356,四级,纯,chún
357,高等,唇,chún
358,高等,醇,chún
359,高等,蠢,chǔn
360,高等,戳,chuō
361,高等,绰,chuò
362,二级,词,cí
363,高等,瓷,cí
364,五级,辞,cí
365,高等,慈,cí
366,高等,磁,cí
367,三级,此,cǐ
368,一级,次,cì
369,四级,刺,cì
370,高等,赐,cì
371,高等,匆,cōng
372,高等,囱,cōng
373,高等,葱,cōng
374,五级,聪,cōng
375,一级,从,cóng
376,高等,丛,cóng
377,高等,凑,còu
378,四级,粗,cū
379,四级,促,cù
380,六级,醋,cù
381,高等,簇,cù
382,高等,窜,cuàn
383,高等,催,cuī
384,高等,摧,cuī
385,五级,脆,cuì
386,高等,粹,cuì
387,高等,翠,cuì
388,三级,村,cūn
389,三级,存,cún
390,四级,寸,cùn
391,高等,搓,cuō
392,高等,磋,cuō
393,高等,挫,cuò
394,四级,措,cuò
395,一级,错,cuò
396,六级,搭,dā
397,三级,达,dá
398,一级,答,dá
399,二级,答,dā
400,一级,打,dǎ
401,四级,打,dá
402,一级,大,dà
403,三级,大,dài
404,五级,呆,dāi
405,高等,歹,dǎi
406,高等,逮,dǎi
407,高等,逮,dài
408,三级,代,dài
409,二级,带,dài
410,五级,贷,dài
411,三级,待,dài
412,五级,待,dāi
413,高等,怠,dài
414,四级,袋,dài
415,四级,戴,dài
416,高等,丹,dān
417,四级,担,dān
418,二级,单,dān
419,高等,耽,dān
420,五级,胆,dǎn
421,五级,旦,dàn
422,二级,但,dàn
423,六级,诞,dàn
424,四级,淡,dàn
425,五级,弹,dàn
426,五级,弹,tán
427,一级,蛋,dàn
428,二级,当,dāng
429,六级,当,dàng
430,五级,挡,dǎng
431,六级,党,dǎng
432,高等,荡,dàng
433,六级,档,dàng
434,三级,刀,dāo
435,高等,叨,dāo
436,三级,导,dǎo
437,六级,岛,dǎo
438,高等,捣,dǎo
439,二级,倒,dǎo
440,二级,倒,dào
441,高等,祷,dǎo
442,六级,蹈,dǎo
443,一级,到,dào
444,六级,盗,dào
445,高等,悼,dào
446,一级,道,dào
447,高等,稻,dào
448,一级,得,dé
449,二级,得,de
450,四级,得,děi
451,五级,德,dé
452,一级,地,de
453,一级,地,dì
454,一级,的,de
455,二级,的,dì
456,四级,的,dí
457,二级,灯,dēng
458,四级,登,dēng
459,高等,蹬,dēng
460,一级,等,děng
461,高等,邓,dèng
462,高等,凳,dèng
463,高等,瞪,dèng
464,二级,低,dī
465,高等,堤,dī
466,六级,滴,dī
467,高等,迪,dí
468,四级,敌,dí
469,高等,涤,dí
470,高等,笛,dí
471,六级,抵,dǐ
472,三级,底,dǐ
473,一级,弟,dì
474,六级,帝,dì
475,四级,递,dì
476,一级,第,dì
477,高等,蒂,dì
478,高等,缔,dì
479,高等,颠,diān
480,高等,巅,diān
481,二级,典,diǎn
482,一级,点,diǎn
483,一级,电,diàn
484,高等,甸,diàn
485,一级,店,diàn
486,高等,垫,diàn
487,高等,淀,diàn
488,高等,惦,diàn
489,高等,奠,diàn
490,高等,殿,diàn
491,高等,刁,diāo
492,高等,叼,diāo
493,高等,雕,diāo
494,六级,吊,diào
495,高等,钓,diào
496,三级,调,diào
497,三级,调,tiáo
498,二级,掉,diào
499,高等,爹,diē
500,六级,跌,diē
501,高等,迭,dié
502,高等,谍,dié
503,高等,叠,dié
504,高等,碟,dié
505,高等,丁,dīng
506,高等,叮,dīng
507,高等,盯,dīng
508,四级,顶,dǐng
509,高等,鼎,dǐng
510,三级,订,dìng
511,高等,钉,dìng
512,高等,钉,dīng
513,二级,定,dìng
514,五级,丢,diū
515,一级,东,dōng
516,二级,冬,dōng
517,高等,董,dǒng
518,二级,懂,dǒng
519,一级,动,dòng
520,五级,冻,dòng
521,高等,栋,dòng
522,五级,洞,dòng
523,一级,都,dōu
524,三级,都,dū
525,高等,兜,dōu
526,高等,抖,dǒu
527,高等,陡,dǒu
528,四级,斗,dòu
529,四级,豆,dòu
530,高等,逗,dòu
531,六级,督,dū
532,五级,毒,dú
533,四级,独,dú
534,一级,读,dú
535,四级,堵,dǔ
536,六级,赌,dǔ
537,高等,睹,dǔ
538,高等,杜,dù
539,四级,肚,dù
540,高等,妒,dù
541,二级,度,dù
542,六级,渡,dù
543,六级,端,duān
544,二级,短,duǎn
545,二级,段,duàn
546,三级,断,duàn
547,四级,锻,duàn
548,五级,堆,duī
549,二级,队,duì
550,一级,对,duì
551,高等,兑,duì
552,五级,吨,dūn
553,高等,敦,dūn
554,六级,蹲,dūn
555,高等,盹,dǔn
556,高等,炖,dùn
557,五级,盾,dùn
558,三级,顿,dùn
559,一级,多,duō
560,高等,哆,duō
561,六级,夺,duó
562,五级,朵,duǒ
563,五级,躲,duǒ
564,高等,舵,duò
565,高等,堕,duò
566,高等,惰,duò
567,高等,讹,é
568,高等,俄,é
569,高等,娥,é
570,高等,鹅,é
571,六级,额,é
572,四级,恶,ě
573,高等,恶,è
574,高等,恶,wù
575,高等,厄,è
576,一级,饿,è
577,高等,遏,è
578,高等,鳄,è
579,六级,恩,ēn
580,一级,儿,ér
581,二级,而,ér
582,五级,尔,ěr
583,四级,耳,ěr
584,高等,饵,ěr
585,一级,二,èr
586,二级,发,fā
587,二级,发,fà
588,五级,乏,fá
589,高等,伐,fá
590,五级,罚,fá
591,高等,阀,fá
592,二级,法,fǎ
593,高等,帆,fān
594,六级,番,fān
595,四级,翻,fān
596,六级,凡,fán
597,三级,烦,fán
598,五级,繁,fán
599,三级,反,fǎn
600,五级,返,fǎn
601,六级,犯,fàn
602,一级,饭,fàn
603,五级,泛,fàn
604,三级,范,fàn
605,高等,贩,fàn
606,一级,方,fāng
607,高等,芳,fāng
608,三级,防,fáng
609,高等,妨,fáng
610,高等,肪,fáng
611,一级,房,fáng
612,五级,仿,fǎng
613,三级,访,fǎng
614,高等,纺,fǎng
615,一级,放,fàng
616,一级,飞,fēi
617,一级,非,fēi
618,三级,啡,fēi
619,高等,绯,fēi
620,四级,肥,féi
621,高等,匪,fěi
622,高等,诽,fěi
623,六级,肺,fèi
624,六级,废,fèi
625,高等,沸,fèi
626,三级,费,fèi
627,一级,分,fēn
628,四级,分,fèn
629,高等,芬,fēn
630,高等,吩,fēn
631,四级,纷,fēn
632,六级,氛,fēn
633,高等,坟,fén
634,高等,焚,fén
635,六级,粉,fěn
636,二级,份,fèn
637,四级,奋,fèn
638,高等,粪,fèn
639,六级,愤,fèn
640,三级,丰,fēng
641,一级,风,fēng
642,二级,封,fēng
643,五级,疯,fēng
644,六级,峰,fēng
645,六级,锋,fēng
646,高等,蜂,fēng
647,高等,冯,féng
648,高等,逢,féng
649,高等,缝,féng
650,高等,缝,fèng
651,高等,讽,fěng
652,高等,凤,fèng
653,六级,奉,fèng
654,六级,佛,fó
655,六级,佛,fú
656,三级,否,fǒu
657,三级,夫,fū
658,五级,肤,fū
659,高等,孵,fū
660,高等,敷,fū
661,高等,伏,fú
662,五级,扶,fú
663,一级,服,fú
664,高等,俘,fú
665,六级,浮,fú
666,四级,符,fú
667,高等,袱,fú
668,五级,幅,fú
669,高等,辐,fú
670,三级,福,fú
671,高等,抚,fǔ
672,高等,斧,fǔ
673,四级,府,fǔ
674,高等,俯,fǔ
675,五级,辅,fǔ
676,四级,腐,fǔ
677,三级,父,fù
678,三级,付,fù
679,三级,负,fù
680,四级,妇,fù
681,四级,附,fù
682,高等,咐,fù
683,高等,赴,fù
684,二级,复,fù
685,六级,副,fù
686,高等,赋,fù
687,五级,傅,fù
688,三级,富,fù
689,高等,腹,fù
690,高等,缚,fù
691,高等,覆,fù
692,高等,尬,gà
693,二级,该,gāi
694,二级,改,gǎi
695,高等,丐,gài
696,高等,钙,gài
697,四级,盖,gài
698,高等,溉,gài
699,三级,概,gài
700,一级,干,gān
701,一级,干,gàn
702,高等,甘,gān
703,六级,肝,gān
704,高等,竿,gān
705,高等,尴,gān
706,六级,杆,gǎn
707,高等,杆,gān
708,三级,赶,gǎn
709,三级,敢,gǎn
710,二级,感,gǎn
711,高等,冈,gāng
712,二级,刚,gāng
713,五级,纲,gāng
714,五级,钢,gāng
715,高等,缸,gāng
716,六级,岗,gǎng
717,六级,港,gǎng
718,高等,杠,gàng
719,一级,高,gāo
720,高等,膏,gāo
721,五级,糕,gāo
722,五级,搞,gǎo
723,六级,稿,gǎo
724,一级,告,gào
725,高等,戈,gē
726,一级,哥,gē
727,高等,胳,gē
728,高等,鸽,gē
729,高等,搁,gē
730,高等,割,gē
731,一级,歌,gē
732,五级,革,gé
733,高等,阁,gé
734,三级,格,gé
735,四级,隔,gé
736,一级,个,gè
737,三级,各,gè
738,一级,给,gěi
739,六级,给,jǐ
740,三级,根,gēn
741,一级,跟,gēn
742,高等,耕,gēng
743,高等,耿,gěng
744,二级,更,gèng
745,五级,更,gēng
746,一级,工,gōng
747,高等,弓,gōng
748,二级,公,gōng
749,三级,功,gōng
750,六级,攻,gōng
751,四级,供,gōng
752,高等,供,gòng
753,六级,宫,gōng
754,高等,恭,gōng
755,高等,躬,gōng
756,六级,巩,gǒng
757,高等,拱,gǒng
758,二级,共,gòng
759,六级,贡,gòng
760,高等,勾,gōu
761,五级,沟,gōu
762,高等,钩,gōu
763,二级,狗,gǒu
764,四级,构,gòu
765,四级,购,gòu
766,二级,够,gòu
767,五级,估,gū
768,高等,沽,gū
769,六级,孤,gū
770,三级,姑,gū
771,高等,菇,gū
772,高等,辜,gū
773,三级,古,gǔ
774,六级,谷,gǔ
775,六级,股,gǔ
776,四级,骨,gǔ
777,高等,贾,gǔ
778,五级,鼓,gǔ
779,四级,固,gù
780,二级,故,gù
781,二级,顾,gù
782,高等,雇,gù
783,四级,瓜,guā
784,六级,刮,guā
785,高等,寡,guǎ
786,高等,卦,guà
787,三级,挂,guà
788,高等,乖,guāi
789,六级,拐,guǎi
790,三级,怪,guài
791,一级,关,guān
792,二级,观,guān
793,四级,官,guān
794,高等,棺,guān
795,一级,馆,guǎn
796,三级,管,guǎn
797,六级,贯,guàn
798,五级,冠,guàn
799,二级,惯,guàn
800,高等,灌,guàn
801,高等,罐,guàn
802,三级,光,guāng
803,二级,广,guǎng
804,四级,逛,guàng
805,四级,归,guī
806,高等,龟,guī
807,三级,规,guī
808,高等,闺,guī
809,高等,瑰,guī
810,六级,轨,guǐ
811,五级,鬼,guǐ
812,五级,柜,guì
813,一级,贵,guì
814,高等,桂,guì
815,六级,跪,guì
816,五级,滚,gǔn
817,高等,棍,gùn
818,高等,郭,guō
819,五级,锅,guō
820,一级,国,guó
821,一级,果,guǒ
822,四级,裹,guǒ
823,一级,过,guò
824,二级,过,guo
825,三级,哈,hā
826,一级,还,hái
827,一级,还,huán
828,一级,孩,hái
829,二级,海,hǎi
830,高等,骇,hài
831,三级,害,hài
832,高等,酣,hān
833,四级,含,hán
834,高等,函,hán
835,高等,涵,hán
836,高等,韩,hán
837,四级,寒,hán
838,高等,罕,hǎn
839,二级,喊,hǎn
840,一级,汉,hàn
841,五级,汗,hàn
842,高等,旱,hàn
843,高等,捍,hàn
844,高等,焊,hàn
845,高等,撼,hàn
846,六级,憾,hàn
847,高等,杭,háng
848,四级,航,háng
849,四级,毫,háo
850,五级,豪,háo
851,一级,好,hǎo
852,一级,好,hào
853,一级,号,hào
854,六级,耗,hào
855,高等,浩,hào
856,高等,呵,hē
857,一级,喝,hē
858,高等,喝,hè
859,高等,禾,hé
860,二级,合,hé
861,三级,何,hé
862,一级,和,hé
863,三级,和,huó
864,高等,和,hè
865,二级,河,hé
866,高等,阂,hé
867,高等,荷,hé
868,五级,核,hé
869,五级,盒,hé
870,五级,贺,hè
871,高等,赫,hè
872,高等,鹤,hè
873,二级,黑,hēi
874,高等,嘿,hēi
875,高等,痕,hén
876,一级,很,hěn
877,六级,狠,hěn
878,五级,恨,hèn
879,高等,哼,hēng
880,高等,恒,héng
881,六级,横,héng
882,高等,横,hèng
883,六级,衡,héng
884,高等,轰,hōng
885,高等,哄,hōng
886,高等,哄,hǒng
887,高等,哄,hòng
888,高等,烘,hōng
889,高等,弘,hóng
890,二级,红,hóng
891,六级,宏,hóng
892,高等,虹,hóng
893,六级,洪,hóng
894,高等,喉,hóu
895,五级,猴,hóu
896,高等,吼,hǒu
897,一级,后,hòu
898,四级,厚,hòu
899,一级,候,hòu
900,四级,乎,hū
901,四级,呼,hū
902,二级,忽,hū
903,高等,弧,hú
904,五级,胡,hú
905,六级,壶,hú
906,二级,湖,hú
907,五级,糊,hú
908,五级,虎,hǔ
909,高等,唬,hǔ
910,三级,互,hù
911,四级,户,hù
912,二级,护,hù
913,高等,沪,hù
914,一级,花,huā
915,三级,华,huá
916,高等,哗,huá
917,高等,猾,huá
918,五级,滑,huá
919,三级,化,huà
920,二级,划,huà
921,三级,划,huá
922,二级,画,huà
923,一级,话,huà
924,四级,怀,huái
925,高等,徊,huái
926,高等,淮,huái
927,高等,槐,huái
928,一级,坏,huài
929,一级,欢,huān
930,三级,环,huán
931,四级,缓,huǎn
932,六级,幻,huàn
933,二级,换,huàn
934,高等,唤,huàn
935,六级,患,huàn
936,高等,焕,huàn
937,高等,痪,huàn
938,高等,荒,huāng
939,五级,慌,huāng
940,六级,皇,huáng
941,二级,黄,huáng
942,高等,凰,huáng
943,高等,煌,huáng
944,高等,恍,huǎng
945,高等,晃,huàng
946,高等,晃,huǎng
947,高等,谎,huǎng
948,五级,灰,huī
949,四级,挥,huī
950,五级,恢,huī
951,六级,辉,huī
952,高等,徽,huī
953,一级,回,huí
954,五级,悔,huǐ
955,六级,毁,huǐ
956,高等,卉,huì
957,四级,汇,huì
958,一级,会,huì
959,四级,会,kuài
960,高等,讳,huì
961,六级,绘,huì
962,高等,贿,huì
963,高等,秽,huì
964,五级,惠,huì
965,六级,慧,huì
966,六级,昏,hūn
967,三级,婚,hūn
968,高等,浑,hún
969,高等,魂,hún
970,六级,混,hùn
971,高等,豁,huō
972,高等,豁,huò
973,二级,活,huó
974,一级,火,huǒ
975,四级,伙,huǒ
976,二级,或,huò
977,四级,货,huò
978,四级,获,huò
979,高等,祸,huò
980,高等,惑,huò
981,高等,霍,huò
982,高等,讥,jī
983,五级,击,jī
984,高等,饥,jī
985,四级,圾,jī
986,一级,机,jī
987,五级,肌,jī
988,一级,鸡,jī
989,三级,积,jī
990,三级,基,jī
991,高等,缉,jī
992,高等,畸,jī
993,高等,稽,jī
994,四级,激,jī
995,三级,及,jí
996,六级,吉,jí
997,二级,级,jí
998,三级,极,jí
999,四级,即,jí
1000,二级,急,jí
1001,六级,疾,jí
1002,高等,棘,jí
1003,三级,集,jí
1004,五级,辑,jí
1005,高等,嫉,jí
1006,五级,籍,jí
1007,一级,几,jǐ
1008,四级,几,jī
1009,二级,己,jǐ
1010,五级,挤,jǐ
1011,高等,脊,jǐ
1012,二级,计,jì
1013,一级,记,jì
1014,三级,纪,jì
1015,三级,技,jì
1016,高等,忌,jì
1017,二级,际,jì
1018,四级,季,jì
1019,高等,剂,jì
1020,高等,迹,jì
1021,三级,济,jì
1022,四级,既,jì
1023,三级,继,jì
1024,高等,祭,jì
1025,四级,寄,jì
1026,高等,寂,jì
1027,二级,绩,jì
1028,二级,加,jiā
1029,五级,夹,jiā
1030,六级,佳,jiā
1031,一级,家,jiā
1032,六级,嘉,jiā
1033,高等,颊,jiá
1034,五级,甲,jiǎ
1035,三级,价,jià
1036,五级,驾,jià
1037,三级,架,jià
1038,一级,假,jià
1039,二级,假,jiǎ
1040,高等,嫁,jià
1041,高等,稼,jià
1042,六级,尖,jiān
1043,高等,奸,jiān
1044,高等,歼,jiān
1045,三级,坚,jiān
1046,一级,间,jiān
1047,五级,间,jiàn
1048,五级,肩,jiān
1049,五级,艰,jiān
1050,六级,监,jiān
1051,高等,兼,jiān
1052,高等,煎,jiān
1053,高等,拣,jiǎn
1054,高等,柬,jiǎn
1055,高等,俭,jiǎn
1056,六级,捡,jiǎn
1057,二级,检,jiǎn
1058,四级,减,jiǎn
1059,五级,剪,jiǎn
1060,三级,简,jiǎn
1061,一级,见,jiàn
1062,二级,件,jiàn
1063,三级,建,jiàn
1064,高等,荐,jiàn
1065,高等,贱,jiàn
1066,六级,剑,jiàn
1067,二级,健,jiàn
1068,六级,舰,jiàn
1069,四级,渐,jiàn
1070,六级,践,jiàn
1071,高等,溅,jiàn
1072,六级,鉴,jiàn
1073,五级,键,jiàn
1074,六级,箭,jiàn
1075,四级,江,jiāng
1076,三级,将,jiāng
1077,高等,将,jiàng
1078,高等,姜,jiāng
1079,高等,浆,jiāng
1080,高等,僵,jiāng
1081,高等,疆,jiāng
1082,二级,讲,jiǎng
1083,四级,奖,jiǎng
1084,高等,桨,jiǎng
1085,高等,匠,jiàng
1086,四级,降,jiàng
1087,高等,降,xiáng
1088,六级,酱,jiàng
1089,二级,交,jiāo
1090,五级,郊,jiāo
1091,高等,浇,jiāo
1092,高等,娇,jiāo
1093,六级,骄,jiāo
1094,五级,胶,jiāo
1095,一级,教,jiāo
1096,一级,教,jiào
1097,高等,椒,jiāo
1098,六级,焦,jiāo
1099,高等,跤,jiāo
1100,三级,蕉,jiāo
1101,高等,礁,jiāo
1102,高等,嚼,jiáo
1103,二级,角,jiǎo
1104,四级,角,jué
1105,高等,狡,jiǎo
1106,二级,饺,jiǎo
1107,高等,绞,jiǎo
1108,高等,矫,jiǎo
1109,二级,脚,jiǎo
1110,高等,搅,jiǎo
1111,高等,缴,jiǎo
1112,一级,叫,jiào
1113,一级,觉,jiào
1114,一级,觉,jué
1115,高等,轿,jiào
1116,三级,较,jiào
1117,高等,酵,jiào
1118,四级,阶,jiē
1119,高等,皆,jiē
1120,二级,接,jiē
1121,六级,揭,jiē
1122,二级,街,jiē
1123,二级,节,jié
1124,高等,劫,jié
1125,六级,杰,jié
1126,六级,洁,jié
1127,二级,结,jié
1128,三级,结,jiē
1129,高等,捷,jié
1130,六级,截,jié
1131,高等,竭,jié
1132,一级,姐,jiě
1133,三级,解,jiě
1134,一级,介,jiè
1135,五级,戒,jiè
1136,五级,届,jiè
1137,三级,界,jiè
1138,高等,诫,jiè
1139,二级,借,jiè
1140,四级,巾,jīn
1141,二级,斤,jīn
1142,一级,今,jīn
1143,三级,金,jīn
1144,高等,津,jīn
1145,高等,筋,jīn
1146,三级,仅,jǐn
1147,三级,尽,jǐn
1148,四级,尽,jìn
1149,三级,紧,jǐn
1150,高等,锦,jǐn
1151,高等,谨,jǐn
1152,一级,进,jìn
1153,二级,近,jìn
1154,四级,劲,jìn
1155,高等,晋,jìn
1156,高等,浸,jìn
1157,四级,禁,jìn
1158,六级,禁,jīn
1159,高等,茎,jīng
1160,一级,京,jīng
1161,二级,经,jīng
1162,高等,荆,jīng
1163,四级,惊,jīng
1164,高等,晶,jīng
1165,二级,睛,jīng
1166,高等,兢,jīng
1167,三级,精,jīng
1168,六级,井,jǐng
1169,高等,阱,jǐng
1170,高等,颈,jǐng
1171,三级,景,jǐng
1172,三级,警,jǐng
1173,六级,径,jìng
1174,一级,净,jìng
1175,五级,竞,jìng
1176,四级,竟,jìng
1177,五级,敬,jìng
1178,二级,静,jìng
1179,三级,境,jìng
1180,四级,镜,jìng
1181,高等,窘,jiǒng
1182,六级,纠,jiū
1183,四级,究,jiū
1184,高等,揪,jiū
1185,一级,九,jiǔ
1186,二级,久,jiǔ
1187,高等,灸,jiǔ
1188,二级,酒,jiǔ
1189,三级,旧,jiù
1190,三级,救,jiù
1191,一级,就,jiù
1192,高等,舅,jiù
1193,高等,拘,jū
1194,四级,居,jū
1195,高等,鞠,jū
1196,四级,局,jú
1197,高等,菊,jú
1198,高等,橘,jú
1199,高等,沮,jǔ
1200,高等,矩,jǔ
1201,二级,举,jǔ
1202,四级,巨,jù
1203,二级,句,jù
1204,五级,拒,jù
1205,三级,具,jù
1206,高等,炬,jù
1207,五级,俱,jù
1208,三级,剧,jù
1209,三级,据,jù
1210,四级,距,jù
1211,高等,惧,jù
1212,高等,锯,jù
1213,四级,聚,jù
1214,六级,捐,juān
1215,四级,卷,juǎn
1216,四级,卷,juàn
1217,高等,倦,juàn
1218,三级,决,jué
1219,高等,诀,jué
1220,三级,绝,jué
1221,高等,掘,jué
1222,高等,崛,jué
1223,高等,爵,jué
1224,高等,倔,jué
1225,高等,倔,juè
1226,五级,军,jūn
1227,四级,均,jūn
1228,高等,君,jūn
1229,高等,钧,jūn
1230,六级,菌,jūn
1231,高等,俊,jùn
1232,高等,峻,jùn
1233,高等,骏,jùn
1234,高等,竣,jùn
1235,三级,咖,kā
1236,二级,卡,kǎ
1237,高等,卡,qiǎ
1238,一级,开,kāi
1239,高等,凯,kǎi
1240,高等,慨,kǎi
1241,高等,楷,kǎi
1242,六级,刊,kān
1243,高等,勘,kān
1244,高等,堪,kān
1245,高等,侃,kǎn
1246,高等,砍,kǎn
1247,高等,槛,kǎn
1248,一级,看,kàn
1249,六级,看,kān
1250,二级,康,kāng
1251,高等,慷,kāng
1252,高等,扛,káng
1253,六级,抗,kàng
1254,一级,考,kǎo
1255,五级,烤,kǎo
1256,二级,靠,kào
1257,高等,苛,kē
1258,二级,科,kē
1259,四级,棵,kē
1260,五级,颗,kē
1261,高等,磕,kē
1262,高等,壳,ké
1263,五级,咳,ké
1264,二级,可,kě
1265,一级,渴,kě
1266,二级,克,kè
1267,二级,刻,kè
1268,一级,客,kè
1269,一级,课,kè
1270,五级,肯,kěn
1271,高等,垦,kěn
1272,高等,恳,kěn
1273,高等,啃,kěn
1274,高等,坑,kēng
1275,高等,吭,kēng
1276,二级,空,kōng
1277,二级,空,kòng
1278,高等,孔,kǒng
1279,三级,恐,kǒng
1280,五级,控,kòng
1281,高等,抠,kōu
1282,一级,口,kǒu
1283,六级,扣,kòu
1284,高等,枯,kū
1285,二级,哭,kū
1286,高等,窟,kū
1287,三级,苦,kǔ
1288,五级,库,kù
1289,三级,裤,kù
1290,六级,酷,kù
1291,高等,夸,kuā
1292,高等,垮,kuǎ
1293,高等,挎,kuà
1294,六级,跨,kuà
1295,一级,块,kuài
1296,一级,快,kuài
1297,二级,筷,kuài
1298,四级,宽,kuān
1299,五级,款,kuǎn
1300,高等,筐,kuāng
1301,五级,狂,kuáng
1302,高等,旷,kuàng
1303,三级,况,kuàng
1304,四级,矿,kuàng
1305,高等,框,kuàng
1306,五级,亏,kuī
1307,高等,窥,kuī
1308,高等,魁,kuí
1309,高等,馈,kuì
1310,高等,溃,kuì
1311,高等,愧,kuì
1312,高等,昆,kūn
1313,高等,捆,kǔn
1314,三级,困,kùn
1315,四级,扩,kuò
1316,四级,括,kuò
1317,六级,阔,kuò
1318,高等,廓,kuò
1319,四级,垃,lā
1320,二级,拉,lā
1321,高等,喇,lǎ
1322,高等,腊,là
1323,高等,蜡,là
1324,四级,辣,là
1325,六级,啦,la
1326,一级,来,lái
1327,六级,赖,lài
1328,高等,兰,lán
1329,高等,拦,lán
1330,六级,栏,lán
1331,高等,婪,lán
1332,二级,蓝,lán
1333,高等,澜,lán
1334,二级,篮,lán
1335,五级,览,lǎn
1336,高等,揽,lǎn
1337,高等,缆,lǎn
1338,六级,懒,lǎn
1339,五级,烂,làn
1340,高等,滥,làn
1341,四级,郎,láng
1342,高等,狼,láng
1343,高等,廊,láng
1344,五级,朗,lǎng
1345,三级,浪,làng
1346,高等,捞,lāo
1347,五级,劳,láo
1348,六级,牢,láo
1349,高等,唠,láo
1350,一级,老,lǎo
1351,高等,姥,lǎo
1352,高等,涝,lào
1353,二级,乐,lè
1354,二级,乐,yuè
1355,一级,了,le
1356,三级,了,liǎo
1357,高等,勒,lè
1358,高等,勒,lēi
1359,四级,雷,léi
1360,高等,垒,lěi
1361,高等,磊,lěi
1362,高等,蕾,lěi
1363,四级,泪,lèi
1364,三级,类,lèi
1365,一级,累,lèi
1366,四级,累,lěi
1367,高等,棱,léng
1368,一级,冷,lěng
1369,高等,愣,lèng
1370,四级,厘,lí
1371,二级,离,lí
1372,五级,梨,lí
1373,五级,璃,lí
1374,高等,黎,lí
1375,二级,礼,lǐ
1376,三级,李,lǐ
1377,一级,里,lǐ
1378,二级,理,lǐ
1379,二级,力,lì
1380,三级,历,lì
1381,五级,厉,lì
1382,三级,立,lì
1383,高等,吏,lì
1384,三级,丽,lì
1385,五级,励,lì
1386,二级,利,lì
1387,二级,例,lì
1388,高等,隶,lì
1389,高等,粒,lì
1390,四级,俩,liǎ
1391,三级,连,lián
1392,五级,怜,lián
1393,五级,帘,lián
1394,高等,莲,lián
1395,三级,联,lián
1396,高等,廉,lián
1397,高等,敛,liǎn
1398,二级,脸,liǎn
1399,二级,练,liàn
1400,四级,炼,liàn
1401,五级,恋,liàn
1402,高等,链,liàn
1403,四级,良,liáng
1404,二级,凉,liáng
1405,六级,梁,liáng
1406,四级,粮,liáng
1407,一级,两,liǎng
1408,二级,亮,liàng
1409,六级,谅,liàng
1410,二级,辆,liàng
1411,二级,量,liàng
1412,四级,量,liáng
1413,高等,辽,liáo
1414,四级,疗,liáo
1415,四级,聊,liáo
1416,高等,僚,liáo
1417,高等,寥,liáo
1418,高等,潦,liáo
1419,四级,料,liào
1420,高等,咧,liē
1421,高等,咧,liě
1422,四级,列,liè
1423,高等,劣,liè
1424,三级,烈,liè
1425,高等,猎,liè
1426,六级,裂,liè
1427,高等,拎,līn
1428,五级,邻,lín
1429,四级,林,lín
1430,四级,临,lín
1431,高等,淋,lín
1432,高等,赁,lìn
1433,六级,灵,líng
1434,五级,铃,líng
1435,高等,凌,líng
1436,高等,陵,líng
1437,一级,零,líng
1438,五级,龄,líng
1439,高等,岭,lǐng
1440,三级,领,lǐng
1441,三级,另,lìng
1442,五级,令,lìng
1443,高等,溜,liū
1444,高等,刘,liú
1445,高等,浏,liú
1446,二级,留,liú
1447,二级,流,liú
1448,高等,瘤,liú
1449,高等,柳,liǔ
1450,一级,六,liù
1451,高等,遛,liù
1452,三级,龙,lóng
1453,高等,咙,lóng
1454,高等,胧,lóng
1455,高等,聋,lóng
1456,高等,笼,lóng
1457,高等,笼,lǒng
1458,高等,隆,lóng
1459,高等,窿,lóng
1460,高等,拢,lǒng
1461,高等,垄,lǒng
1462,一级,楼,lóu
1463,高等,搂,lǒu
1464,高等,陋,lòu
1465,五级,漏,lòu
1466,高等,芦,lú
1467,六级,炉,lú
1468,高等,卤,lǔ
1469,高等,虏,lǔ
1470,高等,鲁,lǔ
1471,四级,陆,lù
1472,三级,录,lù
1473,高等,赂,lù
1474,高等,鹿,lù
1475,高等,碌,lù
1476,一级,路,lù
1477,六级,露,lù
1478,六级,露,lòu
1479,高等,吕,lǚ
1480,高等,侣,lǚ
1481,二级,旅,lǚ
1482,高等,铝,lǚ
1483,高等,屡,lǚ
1484,高等,缕,lǚ
1485,高等,履,lǚ
1486,四级,律,lǜ
1487,四级,虑,lǜ
1488,四级,率,lǜ
1489,四级,率,shuài
1490,二级,绿,lǜ
1491,高等,滤,lǜ
1492,高等,孪,luán
1493,高等,卵,luǎn
1494,三级,乱,luàn
1495,高等,掠,lüè
1496,六级,略,lüè
1497,高等,抡,lūn
1498,高等,伦,lún
1499,四级,轮,lún
1500,二级,论,lùn
1501,高等,罗,luó
1502,高等,萝,luó
1503,五级,逻,luó
1504,高等,螺,luó
1505,高等,裸,luǒ
1506,四级,络,luò
1507,三级,落,luò
1508,五级,落,là
1509,一级,妈,mā
1510,三级,麻,má
1511,一级,马,mǎ
1512,四级,码,mǎ
1513,五级,骂,mà
1514,一级,吗,ma
1515,六级,嘛,ma
1516,六级,埋,mái
1517,高等,埋,mán
1518,一级,买,mǎi
1519,高等,迈,mài
1520,六级,麦,mài
1521,二级,卖,mài
1522,高等,脉,mài
1523,高等,蛮,mán
1524,六级,馒,mán
1525,高等,瞒,mán
1526,二级,满,mǎn
1527,高等,蔓,màn
1528,五级,漫,màn
1529,一级,慢,màn
1530,高等,芒,máng
1531,一级,忙,máng
1532,六级,盲,máng
1533,高等,氓,máng
1534,高等,茫,máng
1535,高等,莽,mǎng
1536,二级,猫,māo
1537,一级,毛,máo
1538,五级,矛,máo
1539,高等,茅,máo
1540,高等,髦,máo
1541,高等,茂,mào
1542,三级,冒,mào
1543,五级,贸,mào
1544,四级,帽,mào
1545,五级,貌,mào
1546,一级,么,me
1547,一级,没,méi
1548,六级,没,mò
1549,高等,玫,méi
1550,高等,枚,méi
1551,高等,眉,méi
1552,六级,梅,méi
1553,三级,媒,méi
1554,五级,煤,méi
1555,高等,霉,méi
1556,三级,每,měi
1557,三级,美,měi
1558,一级,妹,mèi
1559,高等,昧,mèi
1560,高等,媚,mèi
1561,高等,魅,mèi
1562,高等,闷,mēn
1563,高等,闷,mèn
1564,一级,门,mén
1565,一级,们,men
1566,六级,蒙,mēng
1567,六级,蒙,méng
1568,高等,萌,méng
1569,六级,盟,méng
1570,高等,朦,méng
1571,六级,猛,měng
1572,高等,孟,mèng
1573,四级,梦,mèng
1574,高等,弥,mí
1575,三级,迷,mí
1576,高等,谜,mí
1577,一级,米,mǐ
1578,高等,觅,mì
1579,高等,泌,mì
1580,四级,秘,mì
1581,四级,密,mì
1582,高等,蜜,mì
1583,五级,眠,mián
1584,高等,绵,mián
1585,六级,棉,mián
1586,四级,免,miǎn
1587,高等,勉,miǎn
1588,高等,缅,miǎn
1589,一级,面,miàn
1590,高等,苗,miáo
1591,四级,描,miáo
1592,高等,瞄,miáo
1593,五级,秒,miǎo
1594,高等,渺,miǎo
1595,六级,妙,miào
1596,高等,庙,miào
1597,六级,灭,miè
1598,高等,蔑,miè
1599,三级,民,mín
1600,五级,敏,mǐn
1601,一级,名,míng
1602,一级,明,míng
1603,高等,鸣,míng
1604,高等,铭,míng
1605,三级,命,mìng
1606,高等,谬,miù
1607,四级,摸,mō
1608,四级,模,mó
1609,五级,模,mú
1610,六级,膜,mó
1611,五级,摩,mó
1612,六级,磨,mó
1613,高等,蘑,mó
1614,高等,魔,mó
1615,高等,抹,mǒ
1616,二级,末,mò
1617,高等,沫,mò
1618,高等,陌,mò
1619,高等,莫,mò
1620,五级,漠,mò
1621,高等,寞,mò
1622,六级,墨,mò
1623,四级,默,mò
1624,六级,谋,móu
1625,三级,某,mǒu
1626,三级,母,mǔ
1627,高等,牡,mǔ
1628,高等,亩,mǔ
1629,高等,姆,mǔ
1630,三级,木,mù
1631,二级,目,mù
1632,高等,沐,mù
1633,高等,牧,mù
1634,高等,募,mù
1635,六级,墓,mù
1636,五级,幕,mù
1637,高等,睦,mù
1638,高等,慕,mù
1639,高等,暮,mù
1640,高等,穆,mù
1641,一级,拿,ná
1642,一级,哪,nǎ
1643,四级,哪,na
1644,一级,那,nà
1645,高等,呐,nà
1646,六级,纳,nà
1647,高等,乃,nǎi
1648,一级,奶,nǎi
1649,五级,奈,nài
1650,五级,耐,nài
1651,一级,男,nán
1652,一级,南,nán
1653,一级,难,nán
1654,五级,难,nàn
1655,高等,囊,náng
1656,高等,挠,náo
1657,高等,恼,nǎo
1658,一级,脑,nǎo
1659,四级,闹,nào
1660,一级,呢,ne
1661,高等,馁,něi
1662,三级,内,nèi
1663,高等,嫩,nèn
1664,一级,能,néng
1665,高等,尼,ní
1666,六级,泥,ní
1667,高等,拟,nǐ
1668,一级,你,nǐ
1669,高等,逆,nì
1670,高等,匿,nì
1671,高等,腻,nì
1672,一级,年,nián
1673,高等,黏,nián
1674,三级,念,niàn
1675,三级,娘,niáng
1676,高等,酿,niàng
1677,二级,鸟,niǎo
1678,高等,尿,niào
1679,高等,捏,niē
1680,一级,您,nín
1681,四级,宁,níng
1682,高等,宁,nìng
1683,高等,拧,níng
1684,高等,拧,nǐng
1685,高等,凝,níng
1686,一级,牛,niú
1687,六级,扭,niǔ
1688,高等,纽,niǔ
1689,三级,农,nóng
1690,四级,浓,nóng
1691,二级,弄,nòng
1692,高等,奴,nú
1693,二级,努,nǔ
1694,六级,怒,nù
1695,一级,女,nǚ
1696,三级,暖,nuǎn
1697,高等,虐,nüè
1698,高等,挪,nuó
1699,六级,诺,nuò
1700,高等,哦,ò
1701,高等,欧,ōu
1702,高等,殴,ōu
1703,高等,呕,ǒu
1704,五级,偶,ǒu
1705,高等,趴,pā
1706,二级,爬,pá
1707,高等,帕,pà
1708,二级,怕,pà
1709,三级,拍,pāi
1710,二级,排,pái
1711,高等,徘,pái
1712,三级,牌,pái
1713,三级,派,pài
1714,高等,潘,pān
1715,高等,攀,pān
1716,四级,盘,pán
1717,三级,判,pàn
1718,六级,盼,pàn
1719,高等,叛,pàn
1720,高等,畔,pàn
1721,高等,乓,pāng
1722,高等,庞,páng
1723,一级,旁,páng
1724,三级,胖,pàng
1725,高等,抛,pāo
1726,高等,刨,páo
1727,高等,袍,páo
1728,一级,跑,pǎo
1729,六级,泡,pào
1730,六级,炮,pào
1731,高等,胚,pēi
1732,五级,陪,péi
1733,四级,培,péi
1734,五级,赔,péi
1735,高等,沛,pèi
1736,高等,佩,pèi
1737,三级,配,pèi
1738,五级,喷,pēn
1739,五级,盆,pén
1740,高等,抨,pēng
1741,高等,烹,pēng
1742,一级,朋,péng
1743,高等,棚,péng
1744,高等,蓬,péng
1745,高等,鹏,péng
1746,高等,篷,péng
1747,高等,膨,péng
1748,高等,捧,pěng
1749,二级,碰,pèng
1750,三级,批,pī
1751,五级,披,pī
1752,高等,劈,pī
1753,三级,皮,pí
1754,高等,疲,pí
1755,三级,啤,pí
1756,五级,脾,pí
1757,五级,匹,pǐ
1758,高等,辟,pì
1759,高等,媲,pì
1760,高等,僻,pì
1761,高等,譬,pì
1762,六级,偏,piān
1763,二级,篇,piān
1764,二级,片,piàn
1765,高等,片,piān
1766,五级,骗,piàn
1767,高等,飘,piāo
1768,一级,票,piào
1769,二级,漂,piào
1770,高等,漂,piāo
1771,高等,撇,piě
1772,五级,拼,pīn
1773,六级,贫,pín
1774,五级,频,pín
1775,三级,品,pǐn
1776,六级,聘,pìn
1777,高等,乒,pīng
1778,二级,平,píng
1779,三级,评,píng
1780,高等,坪,píng
1781,三级,苹,píng
1782,五级,凭,píng
1783,六级,屏,píng
1784,二级,瓶,píng
1785,高等,萍,píng
1786,六级,坡,pō
1787,五级,泼,pō
1788,高等,颇,pō
1789,四级,婆,pó
1790,四级,迫,pò
1791,三级,破,pò
1792,高等,魄,pò
1793,高等,剖,pōu
1794,六级,扑,pū
1795,六级,铺,pū
1796,六级,铺,pù
1797,高等,仆,pú
1798,高等,菩,pú
1799,五级,葡,pú
1800,高等,朴,pǔ
1801,高等,浦,pǔ
1802,二级,普,pǔ
1803,高等,谱,pǔ
1804,高等,瀑,pù
1805,一级,七,qī
1806,高等,沏,qī
1807,四级,妻,qī
1808,高等,栖,qī
1809,高等,凄,qī
1810,高等,戚,qī
1811,一级,期,qī
1812,六级,欺,qī
1813,高等,漆,qī
1814,三级,齐,qí
1815,二级,其,qí
1816,三级,奇,qí
1817,高等,歧,qí
1818,高等,祈,qí
1819,二级,骑,qí
1820,高等,棋,qí
1821,六级,旗,qí
1822,高等,乞,qǐ
1823,高等,岂,qǐ
1824,四级,企,qǐ
1825,五级,启,qǐ
1826,一级,起,qǐ
1827,一级,气,qì
1828,高等,迄,qì
1829,五级,弃,qì
1830,一级,汽,qì
1831,高等,泣,qì
1832,高等,契,qì
1833,高等,砌,qì
1834,三级,器,qì
1835,高等,掐,qiā
1836,高等,洽,qià
1837,六级,恰,qià
1838,二级,千,qiān
1839,六级,迁,qiān
1840,六级,牵,qiān
1841,六级,铅,qiān
1842,六级,谦,qiān
1843,五级,签,qiān
1844,一级,前,qián
1845,高等,虔,qián
1846,一级,钱,qián
1847,高等,钳,qián
1848,六级,潜,qián
1849,四级,浅,qiǎn
1850,高等,遣,qiǎn
1851,高等,谴,qiǎn
1852,五级,欠,qiàn
1853,高等,嵌,qiàn
1854,六级,歉,qiàn
1855,高等,呛,qiāng
1856,高等,呛,qiàng
1857,五级,枪,qiāng
1858,高等,腔,qiāng
1859,三级,强,qiáng
1860,五级,强,qiǎng
1861,高等,强,jiàng
1862,二级,墙,qiáng
1863,五级,抢,qiǎng
1864,五级,悄,qiāo
1865,五级,敲,qiāo
1866,高等,乔,qiáo
1867,高等,侨,qiáo
1868,三级,桥,qiáo
1869,五级,瞧,qiáo
1870,三级,巧,qiǎo
1871,高等,俏,qiào
1872,高等,窍,qiào
1873,高等,翘,qiào
1874,高等,撬,qiào
1875,六级,茄,qié
1876,二级,且,qiě
1877,三级,切,qiè
1878,四级,切,qiē
1879,高等,怯,qiè
1880,高等,窃,qiè
1881,高等,钦,qīn
1882,六级,侵,qīn
1883,三级,亲,qīn
1884,高等,秦,qín
1885,五级,琴,qín
1886,高等,禽,qín
1887,五级,勤,qín
1888,高等,寝,qǐn
1889,二级,青,qīng
1890,二级,轻,qīng
1891,六级,倾,qīng
1892,二级,清,qīng
1893,二级,情,qíng
1894,二级,晴,qíng
1895,高等,擎,qíng
1896,高等,顷,qǐng
1897,一级,请,qǐng
1898,三级,庆,qìng
1899,四级,穷,qióng
1900,高等,丘,qiū
1901,二级,秋,qiū
1902,高等,囚,qiú
1903,二级,求,qiú
1904,一级,球,qiú
1905,三级,区,qū
1906,高等,驱,qū
1907,高等,屈,qū
1908,高等,躯,qū
1909,四级,趋,qū
1910,六级,渠,qú
1911,五级,曲,qǔ
1912,六级,曲,qū
1913,二级,取,qǔ
1914,高等,娶,qǔ
1915,一级,去,qù
1916,四级,趣,qù
1917,四级,圈,quān
1918,高等,圈,juàn
1919,四级,权,quán
1920,二级,全,quán
1921,四级,泉,quán
1922,高等,拳,quán
1923,高等,犬,quǎn
1924,五级,劝,quàn
1925,六级,券,quàn
1926,三级,缺,quē
1927,四级,却,què
1928,高等,雀,què
1929,二级,确,què
1930,三级,裙,qún
1931,三级,群,qún
1932,二级,然,rán
1933,四级,燃,rán
1934,五级,染,rǎn
1935,高等,壤,rǎng
1936,高等,攘,rǎng
1937,高等,嚷,rǎng
1938,二级,让,ràng
1939,高等,饶,ráo
1940,五级,扰,rǎo
1941,五级,绕,rào
1942,高等,惹,rě
1943,一级,热,rè
1944,一级,人,rén
1945,高等,仁,rén
1946,五级,忍,rěn
1947,一级,认,rèn
1948,三级,任,rèn
1949,高等,韧,rèn
1950,五级,扔,rēng
1951,三级,仍,réng
1952,一级,日,rì
1953,五级,荣,róng
1954,五级,绒,róng
1955,三级,容,róng
1956,高等,溶,róng
1957,六级,融,róng
1958,高等,冗,rǒng
1959,高等,柔,róu
1960,高等,揉,róu
1961,一级,肉,ròu
1962,二级,如,rú
1963,高等,儒,rú
1964,六级,乳,rǔ
1965,高等,辱,rǔ
1966,二级,入,rù
1967,五级,软,ruǎn
1968,高等,锐,ruì
1969,高等,瑞,ruì
1970,五级,润,rùn
1971,六级,若,ruò
1972,四级,弱,ruò
1973,高等,撒,sā
1974,五级,洒,sǎ
1975,高等,萨,sà
1976,六级,塞,sāi
1977,六级,塞,sè
1978,三级,赛,sài
1979,一级,三,sān
1980,四级,伞,sǎn
1981,三级,散,sàn
1982,五级,散,sǎn
1983,高等,桑,sāng
1984,高等,嗓,sǎng
1985,六级,丧,sàng
1986,高等,骚,sāo
1987,四级,扫,sǎo
1988,高等,嫂,sǎo
1989,高等,臊,sào
1990,二级,色,sè
1991,四级,森,sēn
1992,高等,僧,sēng
1993,五级,杀,shā
1994,三级,沙,shā
1995,高等,纱,shā
1996,高等,砂,shā
1997,高等,鲨,shā
1998,五级,傻,shǎ
1999,高等,厦,shà
2000,高等,筛,shāi
2001,四级,晒,shài
2002,一级,山,shān
2003,高等,删,shān
2004,三级,衫,shān
2005,五级,扇,shān
2006,五级,扇,shàn
2007,高等,煽,shān
2008,四级,闪,shǎn
2009,三级,善,shàn
2010,高等,擅,shàn
2011,高等,膳,shàn
2012,高等,赡,shàn
2013,三级,伤,shāng
2014,一级,商,shāng
2015,四级,赏,shǎng
2016,一级,上,shàng
2017,四级,尚,shàng
2018,高等,捎,shāo
2019,四级,烧,shāo
2020,高等,梢,shāo
2021,五级,稍,shāo
2022,六级,勺,sháo
2023,一级,少,shǎo
2024,二级,少,shào
2025,一级,绍,shào
2026,高等,哨,shào
2027,高等,奢,shē
2028,六级,舌,shé
2029,五级,蛇,shé
2030,五级,舍,shě
2031,五级,舍,shè
2032,三级,设,shè
2033,三级,社,shè
2034,五级,射,shè
2035,六级,涉,shè
2036,五级,摄,shè
2037,高等,慑,shè
2038,四级,申,shēn
2039,五级,伸,shēn
2040,一级,身,shēn
2041,高等,绅,shēn
2042,三级,深,shēn
2043,一级,什,shén
2044,三级,神,shén
2045,六级,审,shěn
2046,高等,肾,shèn
2047,四级,甚,shèn
2048,高等,渗,shèn
2049,高等,慎,shèn
2050,三级,升,shēng
2051,一级,生,shēng
2052,二级,声,shēng
2053,六级,牲,shēng
2054,高等,绳,shéng
2055,二级,省,shěng
2056,高等,省,xǐng
2057,六级,圣,shèng
2058,三级,胜,shèng
2059,六级,盛,shèng
2060,高等,盛,chéng
2061,五级,剩,shèng
2062,高等,尸,shī
2063,三级,失,shī
2064,一级,师,shī
2065,四级,诗,shī
2066,高等,狮,shī
2067,四级,施,shī
2068,四级,湿,shī
2069,一级,十,shí
2070,三级,石,shí
2071,一级,时,shí
2072,一级,识,shí
2073,二级,实,shí
2074,五级,拾,shí
2075,二级,食,shí
2076,高等,蚀,shí
2077,四级,史,shǐ
2078,高等,矢,shǐ
2079,二级,使,shǐ
2080,三级,始,shǐ
2081,五级,驶,shǐ
2082,四级,士,shì
2083,高等,氏,shì
2084,二级,示,shì
2085,三级,世,shì
2086,二级,市,shì
2087,三级,式,shì
2088,三级,势,shì
2089,一级,事,shì
2090,高等,侍,shì
2091,五级,饰,shì
2092,一级,试,shì
2093,一级,视,shì
2094,五级,柿,shì
2095,一级,是,shì
2096,二级,适,shì
2097,二级,室,shì
2098,高等,逝,shì
2099,四级,释,shì
2100,高等,嗜,shì
2101,高等,誓,shì
2102,高等,匙,shi
2103,二级,收,shōu
2104,一级,手,shǒu
2105,四级,守,shǒu
2106,三级,首,shǒu
2107,五级,寿,shòu
2108,二级,受,shòu
2109,四级,授,shòu
2110,四级,售,shòu
2111,高等,兽,shòu
2112,五级,瘦,shòu
2113,一级,书,shū
2114,高等,抒,shū
2115,高等,枢,shū
2116,四级,叔,shū
2117,四级,殊,shū
2118,高等,梳,shū
2119,二级,舒,shū
2120,高等,疏,shū
2121,三级,输,shū
2122,五级,蔬,shū
2123,高等,赎,shú
2124,二级,熟,shú
2125,二级,熟,shóu
2126,四级,暑,shǔ
2127,三级,属,shǔ
2128,高等,署,shǔ
2129,高等,蜀,shǔ
2130,五级,鼠,shǔ
2131,二级,数,shǔ
2132,二级,数,shù
2133,六级,薯,shǔ
2134,高等,曙,shǔ
2135,三级,术,shù
2136,三级,束,shù
2137,四级,述,shù
2138,一级,树,shù
2139,高等,竖,shù
2140,高等,恕,shù
2141,高等,墅,shù
2142,四级,刷,shuā
2143,高等,耍,shuǎ
2144,高等,衰,shuāi
2145,五级,摔,shuāi
2146,高等,甩,shuǎi
2147,四级,帅,shuài
2148,高等,拴,shuān
2149,高等,栓,shuān
2150,高等,涮,shuàn
2151,三级,双,shuāng
2152,高等,霜,shuāng
2153,六级,爽,shuǎng
2154,一级,谁,shéi
2155,一级,谁,shuí
2156,一级,水,shuǐ
2157,六级,税,shuì
2158,一级,睡,shuì
2159,二级,顺,shùn
2160,高等,瞬,shùn
2161,一级,说,shuō
2162,高等,烁,shuò
2163,五级,硕,shuò
2164,二级,司,sī
2165,高等,丝,sī
2166,五级,私,sī
2167,二级,思,sī
2168,高等,斯,sī
2169,高等,撕,sī
2170,三级,死,sǐ
2171,一级,四,sì
2172,六级,寺,sì
2173,三级,似,sì
2174,四级,似,shì
2175,高等,伺,sì
2176,高等,伺,cì
2177,高等,祀,sì
2178,高等,饲,sì
2179,高等,肆,sì
2180,四级,松,sōng
2181,高等,耸,sǒng
2182,高等,讼,sòng
2183,高等,宋,sòng
2184,一级,送,sòng
2185,高等,诵,sòng
2186,高等,颂,sòng
2187,五级,搜,sōu
2188,高等,艘,sōu
2189,高等,嗽,sòu
2190,六级,苏,sū
2191,高等,酥,sū
2192,四级,俗,sú
2193,一级,诉,sù
2194,五级,肃,sù
2195,六级,素,sù
2196,三级,速,sù
2197,五级,宿,sù
2198,四级,塑,sù
2199,高等,溯,sù
2200,四级,酸,suān
2201,高等,蒜,suàn
2202,二级,算,suàn
2203,二级,虽,suī
2204,二级,随,suí
2205,高等,髓,suǐ
2206,一级,岁,suì
2207,高等,遂,suì
2208,五级,碎,suì
2209,高等,隧,suì
2210,四级,孙,sūn
2211,五级,损,sǔn
2212,高等,嗦,suō
2213,四级,缩,suō
2214,二级,所,suǒ
2215,五级,索,suǒ
2216,五级,锁,suǒ
2217,一级,他,tā
2218,二级,它,tā
2219,一级,她,tā
2220,高等,塌,tā
2221,六级,塔,tǎ
2222,六级,踏,tà
2223,高等,胎,tāi
2224,三级,台,tái
2225,五级,抬,tái
2226,一级,太,tài
2227,高等,汰,tài
2228,二级,态,tài
2229,高等,泰,tài
2230,高等,贪,tān
2231,高等,摊,tān
2232,高等,滩,tān
2233,高等,瘫,tān
2234,高等,坛,tán
2235,三级,谈,tán
2236,高等,痰,tán
2237,高等,潭,tán
2238,五级,坦,tǎn
2239,高等,毯,tǎn
2240,六级,叹,tàn
2241,高等,炭,tàn
2242,六级,探,tàn
2243,高等,碳,tàn
2244,三级,汤,tāng
2245,高等,唐,táng
2246,二级,堂,táng
2247,高等,塘,táng
2248,高等,膛,táng
2249,三级,糖,táng
2250,高等,倘,tǎng
2251,高等,淌,tǎng
2252,四级,躺,tǎng
2253,高等,烫,tàng
2254,六级,趟,tàng
2255,高等,涛,tāo
2256,六级,掏,tāo
2257,高等,滔,tāo
2258,五级,逃,táo
2259,五级,桃,táo
2260,高等,陶,táo
2261,五级,萄,táo
2262,高等,淘,táo
2263,二级,讨,tǎo
2264,二级,套,tào
2265,二级,特,tè
2266,二级,疼,téng
2267,高等,腾,téng
2268,高等,藤,téng
2269,高等,剔,tī
2270,四级,梯,tī
2271,六级,踢,tī
2272,二级,提,tí
2273,高等,提,dī
2274,二级,题,tí
2275,一级,体,tǐ
2276,高等,屉,tì
2277,高等,剃,tì
2278,高等,涕,tì
2279,高等,惕,tì
2280,四级,替,tì
2281,一级,天,tiān
2282,六级,添,tiān
2283,六级,田,tián
2284,三级,甜,tián
2285,四级,填,tián
2286,高等,舔,tiǎn
2287,四级,挑,tiāo
2288,四级,挑,tiǎo
2289,一级,条,tiáo
2290,三级,跳,tiào
2291,四级,贴,tiē
2292,高等,帖,tiě
2293,二级,铁,tiě
2294,五级,厅,tīng
2295,一级,听,tīng
2296,高等,廷,tíng
2297,高等,亭,tíng
2298,二级,庭,tíng
2299,二级,停,tíng
2300,二级,挺,tǐng
2301,高等,艇,tǐng
2302,二级,通,tōng
2303,一级,同,tóng
2304,六级,铜,tóng
2305,四级,童,tóng
2306,四级,统,tǒng
2307,高等,捅,tǒng
2308,高等,桶,tǒng
2309,高等,筒,tǒng
2310,三级,痛,tòng
2311,五级,偷,tōu
2312,二级,头,tóu
2313,四级,投,tóu
2314,四级,透,tòu
2315,高等,凸,tū
2316,高等,秃,tū
2317,三级,突,tū
2318,一级,图,tú
2319,六级,徒,tú
2320,四级,途,tú
2321,高等,涂,tú
2322,高等,屠,tú
2323,三级,土,tǔ
2324,五级,吐,tǔ
2325,五级,吐,tù
2326,五级,兔,tù
2327,三级,团,tuán
2328,二级,推,tuī
2329,高等,颓,tuí
2330,二级,腿,tuǐ
2331,三级,退,tuì
2332,六级,吞,tūn
2333,高等,屯,tún
2334,五级,托,tuō
2335,六级,拖,tuō
2336,四级,脱,tuō
2337,高等,驮,tuó
2338,高等,妥,tuǒ
2339,高等,拓,tuò
2340,高等,唾,tuò
2341,六级,挖,wā
2342,高等,蛙,wā
2343,六级,娃,wá
2344,高等,瓦,wǎ
2345,四级,袜,wà
2346,六级,哇,wa
2347,高等,歪,wāi
2348,一级,外,wài
2349,四级,弯,wān
2350,六级,湾,wān
2351,高等,丸,wán
2352,二级,完,wán
2353,一级,玩,wán
2354,六级,顽,wán
2355,高等,挽,wǎn
2356,一级,晚,wǎn
2357,高等,惋,wǎn
2358,高等,婉,wǎn
2359,二级,碗,wǎn
2360,二级,万,wàn
2361,高等,腕,wàn
2362,高等,汪,wāng
2363,六级,亡,wáng
2364,二级,王,wáng
2365,一级,网,wǎng
2366,高等,枉,wǎng
2367,二级,往,wǎng
2368,高等,妄,wàng
2369,一级,忘,wàng
2370,六级,旺,wàng
2371,三级,望,wàng
2372,三级,危,wēi
2373,六级,威,wēi
2374,四级,微,wēi
2375,五级,违,wéi
2376,三级,围,wéi
2377,五级,唯,wéi
2378,四级,维,wéi
2379,三级,伟,wěi
2380,高等,伪,wěi
2381,四级,尾,wěi
2382,高等,纬,wěi
2383,五级,委,wěi
2384,高等,萎,wěi
2385,三级,卫,wèi
2386,二级,为,wéi
2387,二级,为,wèi
2388,四级,未,wèi
2389,二级,位,wèi
2390,二级,味,wèi
2391,高等,畏,wèi
2392,五级,胃,wèi
2393,四级,谓,wèi
2394,二级,喂,wèi
2395,五级,慰,wèi
2396,高等,魏,wèi
2397,二级,温,wēn
2398,高等,瘟,wēn
2399,一级,文,wén
2400,高等,纹,wén
2401,二级,闻,wén
2402,高等,蚊,wén
2403,高等,吻,wěn
2404,高等,紊,wěn
2405,四级,稳,wěn
2406,一级,问,wèn
2407,高等,翁,wēng
2408,高等,涡,wō
2409,高等,窝,wō
2410,一级,我,wǒ
2411,高等,沃,wò
2412,五级,卧,wò
2413,三级,握,wò
2414,六级,乌,wū
2415,五级,污,wū
2416,高等,巫,wū
2417,高等,呜,wū
2418,三级,屋,wū
2419,四级,无,wú
2420,高等,吴,wú
2421,一级,五,wǔ
2422,一级,午,wǔ
2423,六级,伍,wǔ
2424,三级,武,wǔ
2425,高等,侮,wǔ
2426,高等,捂,wǔ
2427,三级,舞,wǔ
2428,高等,勿,wù
2429,二级,务,wù
2430,二级,物,wù
2431,三级,误,wù
2432,六级,悟,wù
2433,高等,晤,wù
2434,高等,雾,wù
2435,五级,夕,xī
2436,一级,西,xī
2437,四级,吸,xī
2438,三级,希,xī
2439,高等,昔,xī
2440,五级,析,xī
2441,六级,牺,xī
2442,一级,息,xī
2443,五级,悉,xī
2444,五级,惜,xī
2445,高等,晰,xī
2446,高等,稀,xī
2447,高等,锡,xī
2448,高等,溪,xī
2449,高等,熙,xī
2450,高等,熄,xī
2451,高等,膝,xī
2452,高等,嬉,xī
2453,一级,习,xí
2454,四级,席,xí
2455,高等,袭,xí
2456,高等,媳,xí
2457,一级,洗,xǐ
2458,一级,喜,xǐ
2459,三级,戏,xì
2460,一级,系,xì
2461,四级,系,jì
2462,四级,细,xì
2463,高等,隙,xì
2464,高等,虾,xiā
2465,高等,瞎,xiā
2466,高等,侠,xiá
2467,高等,峡,xiá
2468,高等,狭,xiá
2469,高等,辖,xiá
2470,高等,霞,xiá
2471,一级,下,xià
2472,五级,吓,xià
2473,高等,吓,hè
2474,二级,夏,xià
2475,高等,仙,xiān
2476,一级,先,xiān
2477,高等,纤,xiān
2478,高等,掀,xiān
2479,四级,鲜,xiān
2480,五级,闲,xián
2481,高等,贤,xián
2482,高等,弦,xián
2483,四级,咸,xián
2484,高等,衔,xián
2485,六级,嫌,xián
2486,三级,显,xiǎn
2487,三级,险,xiǎn
2488,四级,县,xiàn
2489,一级,现,xiàn
2490,四级,限,xiàn
2491,三级,线,xiàn
2492,高等,宪,xiàn
2493,六级,陷,xiàn
2494,高等,馅,xiàn
2495,高等,羡,xiàn
2496,五级,献,xiàn
2497,高等,腺,xiàn
2498,三级,乡,xiāng
2499,二级,相,xiāng
2500,二级,相,xiàng
2501,三级,香,xiāng
2502,高等,厢,xiāng
2503,三级,箱,xiāng
2504,高等,镶,xiāng
2505,五级,详,xiáng
2506,六级,祥,xiáng
2507,高等,翔,xiáng
2508,五级,享,xiǎng
2509,二级,响,xiǎng
2510,一级,想,xiǎng
2511,二级,向,xiàng
2512,四级,项,xiàng
2513,高等,巷,xiàng
2514,三级,象,xiàng
2515,二级,像,xiàng
2516,高等,橡,xiàng
2517,高等,削,xiāo
2518,高等,削,xuē
2519,三级,消,xiāo
2520,高等,宵,xiāo
2521,高等,萧,xiāo
2522,四级,销,xiāo
2523,高等,潇,xiāo
2524,高等,淆,xiáo
2525,一级,小,xiǎo
2526,六级,晓,xiǎo
2527,高等,孝,xiào
2528,高等,肖,xiào
2529,一级,校,xiào
2530,一级,笑,xiào
2531,三级,效,xiào
2532,高等,啸,xiào
2533,一级,些,xiē
2534,五级,歇,xiē
2535,五级,协,xié
2536,高等,邪,xié
2537,六级,胁,xié
2538,高等,挟,xié
2539,五级,斜,xié
2540,六级,谐,xié
2541,高等,携,xié
2542,二级,鞋,xié
2543,一级,写,xiě
2544,三级,血,xiě
2545,六级,血,xuè
2546,高等,泄,xiè
2547,高等,泻,xiè
2548,高等,卸,xiè
2549,高等,屑,xiè
2550,六级,械,xiè
2551,一级,谢,xiè
2552,高等,懈,xiè
2553,二级,心,xīn
2554,高等,芯,xīn
2555,五级,辛,xīn
2556,五级,欣,xīn
2557,一级,新,xīn
2558,六级,薪,xīn
2559,高等,馨,xīn
2560,二级,信,xìn
2561,高等,衅,xìn
2562,一级,星,xīng
2563,高等,猩,xīng
2564,高等,腥,xīng
2565,高等,刑,xíng
2566,一级,行,xíng
2567,二级,行,háng
2568,三级,形,xíng
2569,四级,型,xíng
2570,四级,醒,xǐng
2571,一级,兴,xìng
2572,四级,兴,xīng
2573,三级,幸,xìng
2574,三级,性,xìng
2575,二级,姓,xìng
2576,六级,凶,xiōng
2577,四级,兄,xiōng
2578,高等,汹,xiōng
2579,四级,胸,xiōng
2580,五级,雄,xióng
2581,五级,熊,xióng
2582,一级,休,xiū
2583,三级,修,xiū
2584,高等,羞,xiū
2585,高等,朽,xiǔ
2586,四级,秀,xiù
2587,六级,袖,xiù
2588,高等,绣,xiù
2589,高等,锈,xiù
2590,高等,嗅,xiù
2591,二级,须,xū
2592,五级,虚,xū
2593,高等,墟,xū
2594,三级,需,xū
2595,高等,徐,xú
2596,二级,许,xǔ
2597,高等,旭,xù
2598,四级,序,xù
2599,高等,叙,xù
2600,高等,恤,xù
2601,高等,酗,xù
2602,六级,绪,xù
2603,三级,续,xù
2604,高等,絮,xù
2605,高等,婿,xù
2606,高等,蓄,xù
2607,三级,宣,xuān
2608,高等,喧,xuān
2609,高等,玄,xuán
2610,六级,悬,xuán
2611,六级,旋,xuán
2612,二级,选,xuǎn
2613,高等,炫,xuàn
2614,高等,靴,xuē
2615,高等,穴,xué
2616,一级,学,xué
2617,二级,雪,xuě
2618,高等,勋,xūn
2619,高等,熏,xūn
2620,高等,旬,xún
2621,四级,寻,xún
2622,高等,巡,xún
2623,五级,询,xún
2624,六级,循,xún
2625,三级,训,xùn
2626,六级,讯,xùn
2627,高等,汛,xùn
2628,四级,迅,xùn
2629,高等,驯,xùn
2630,高等,逊,xùn
2631,高等,丫,yā
2632,三级,压,yā
2633,五级,押,yā
2634,高等,鸦,yā
2635,五级,鸭,yā
2636,四级,牙,yá
2637,高等,芽,yá
2638,高等,崖,yá
2639,高等,涯,yá
2640,高等,哑,yǎ
2641,高等,雅,yǎ
2642,四级,亚,yà
2643,高等,讶,yà
2644,四级,呀,ya
2645,高等,咽,yān
2646,高等,咽,yàn
2647,高等,咽,yè
2648,三级,烟,yān
2649,高等,淹,yān
2650,四级,延,yán
2651,四级,严,yán
2652,二级,言,yán
2653,高等,岩,yán
2654,六级,炎,yán
2655,六级,沿,yán
2656,四级,研,yán
2657,四级,盐,yán
2658,高等,阎,yán
2659,二级,颜,yán
2660,高等,衍,yǎn
2661,高等,掩,yǎn
2662,二级,眼,yǎn
2663,三级,演,yǎn
2664,五级,厌,yàn
2665,五级,艳,yàn
2666,六级,宴,yàn
2667,三级,验,yàn
2668,高等,雁,yàn
2669,高等,焰,yàn
2670,高等,燕,yàn
2671,五级,央,yāng
2672,高等,殃,yāng
2673,高等,秧,yāng
2674,四级,扬,yáng
2675,三级,羊,yáng
2676,二级,阳,yáng
2677,高等,杨,yáng
2678,六级,洋,yáng
2679,六级,仰,yǎng
2680,二级,养,yǎng
2681,六级,氧,yǎng
2682,高等,痒,yǎng
2683,一级,样,yàng
2684,高等,漾,yàng
2685,高等,妖,yāo
2686,四级,腰,yāo
2687,五级,邀,yāo
2688,高等,窑,yáo
2689,高等,谣,yáo
2690,四级,摇,yáo
2691,高等,遥,yáo
2692,五级,咬,yǎo
2693,二级,药,yào
2694,一级,要,yào
2695,二级,要,yāo
2696,高等,钥,yào
2697,六级,耀,yào
2698,高等,椰,yē
2699,一级,爷,yé
2700,一级,也,yě
2701,高等,冶,yě
2702,六级,野,yě
2703,二级,业,yè
2704,四级,叶,yè
2705,一级,页,yè
2706,二级,夜,yè
2707,六级,液,yè
2708,一级,一,yī
2709,高等,伊,yī
2710,一级,衣,yī
2711,一级,医,yī
2712,四级,依,yī
2713,六级,仪,yí
2714,高等,夷,yí
2715,高等,怡,yí
2716,二级,宜,yí
2717,四级,姨,yí
2718,四级,移,yí
2719,四级,遗,yí
2720,四级,疑,yí
2721,五级,乙,yǐ
2722,二级,已,yǐ
2723,二级,以,yǐ
2724,高等,矣,yǐ
2725,高等,倚,yǐ
2726,二级,椅,yǐ
2727,二级,亿,yì
2728,三级,义,yì
2729,三级,艺,yì
2730,五级,忆,yì
2731,三级,议,yì
2732,高等,屹,yì
2733,高等,亦,yì
2734,六级,异,yì
2735,高等,抑,yì
2736,高等,役,yì
2737,四级,译,yì
2738,三级,易,yì
2739,高等,绎,yì
2740,高等,弈,yì
2741,高等,疫,yì
2742,四级,益,yì
2743,五级,谊,yì
2744,高等,逸,yì
2745,高等,裔,yì
2746,二级,意,yì
2747,高等,溢,yì
2748,高等,毅,yì
2749,高等,翼,yì
2750,二级,因,yīn
2751,二级,阴,yīn
2752,高等,荫,yīn
2753,二级,音,yīn
2754,高等,姻,yīn
2755,高等,殷,yīn
2756,二级,银,yín
2757,四级,引,yǐn
2758,五级,饮,yǐn
2759,六级,隐,yǐn
2760,高等,瘾,yǐn
2761,二级,印,yìn
2762,二级,应,yīng
2763,二级,应,yìng
2764,二级,英,yīng
2765,高等,婴,yīng
2766,高等,鹰,yīng
2767,二级,迎,yíng
2768,高等,荧,yíng
2769,高等,盈,yíng
2770,高等,莹,yíng
2771,三级,营,yíng
2772,高等,蝇,yíng
2773,三级,赢,yíng
2774,高等,颖,yǐng
2775,一级,影,yǐng
2776,四级,映,yìng
2777,五级,硬,yìng
2778,高等,佣,yōng
2779,五级,拥,yōng
2780,高等,庸,yōng
2781,二级,永,yǒng
2782,高等,咏,yǒng
2783,三级,泳,yǒng
2784,四级,勇,yǒng
2785,高等,涌,yǒng
2786,高等,踊,yǒng
2787,一级,用,yòng
2788,三级,优,yōu
2789,六级,忧,yōu
2790,五级,幽,yōu
2791,高等,悠,yōu
2792,五级,尤,yóu
2793,二级,由,yóu
2794,三级,邮,yóu
2795,五级,犹,yóu
2796,二级,油,yóu
2797,二级,游,yóu
2798,一级,友,yǒu
2799,一级,有,yǒu
2800,二级,又,yòu
2801,一级,右,yòu
2802,四级,幼,yòu
2803,高等,佑,yòu
2804,高等,诱,yòu
2805,二级,于,yú
2806,四级,余,yú
2807,二级,鱼,yú
2808,六级,娱,yú
2809,高等,渔,yú
2810,高等,逾,yú
2811,高等,渝,yú
2812,六级,愉,yú
2813,高等,愚,yú
2814,高等,舆,yú
2815,四级,与,yǔ
2816,六级,予,yǔ
2817,高等,屿,yǔ
2818,六级,宇,yǔ
2819,五级,羽,yǔ
2820,一级,雨,yǔ
2821,一级,语,yǔ
2822,四级,玉,yù
2823,高等,驭,yù
2824,高等,吁,yù
2825,高等,郁,yù
2826,二级,育,yù
2827,高等,狱,yù
2828,高等,浴,yù
2829,三级,预,yù
2830,五级,域,yù
2831,六级,欲,yù
2832,四级,遇,yù
2833,高等,喻,yù
2834,高等,御,yù
2835,高等,寓,yù
2836,高等,裕,yù
2837,高等,愈,yù
2838,六级,誉,yù
2839,五级,豫,yù
2840,高等,冤,yuān
2841,高等,渊,yuān
2842,一级,元,yuán
2843,二级,园,yuán
2844,三级,员,yuán
2845,高等,袁,yuán
2846,二级,原,yuán
2847,四级,圆,yuán
2848,六级,援,yuán
2849,六级,缘,yuán
2850,四级,源,yuán
2851,一级,远,yuǎn
2852,五级,怨,yuàn
2853,一级,院,yuàn
2854,二级,愿,yuàn
2855,高等,曰,yuē
2856,三级,约,yuē
2857,一级,月,yuè
2858,高等,岳,yuè
2859,四级,阅,yuè
2860,高等,悦,yuè
2861,六级,跃,yuè
2862,二级,越,yuè
2863,高等,粤,yuè
2864,六级,晕,yūn
2865,二级,云,yún
2866,高等,匀,yún
2867,六级,允,yǔn
2868,高等,陨,yǔn
2869,高等,孕,yùn
2870,二级,运,yùn
2871,高等,酝,yùn
2872,高等,韵,yùn
2873,高等,蕴,yùn
2874,三级,杂,zá
2875,高等,砸,zá
2876,五级,灾,zāi
2877,高等,栽,zāi
2878,五级,仔,zǎi
2879,五级,仔,zǐ
2880,四级,载,zài
2881,五级,载,zǎi
2882,高等,宰,zǎi
2883,一级,再,zài
2884,一级,在,zài
2885,二级,咱,zán
2886,高等,攒,zǎn
2887,五级,暂,zàn
2888,四级,赞,zàn
2889,高等,赃,zāng
2890,二级,脏,zāng
2891,六级,脏,zàng
2892,高等,葬,zàng
2893,六级,遭,zāo
2894,五级,糟,zāo
2895,高等,凿,záo
2896,一级,早,zǎo
2897,高等,枣,zǎo
2898,二级,澡,zǎo
2899,高等,藻,zǎo
2900,高等,皂,zào
2901,高等,灶,zào
2902,三级,造,zào
2903,高等,噪,zào
2904,高等,燥,zào
2905,高等,躁,zào
2906,四级,则,zé
2907,三级,责,zé
2908,四级,择,zé
2909,高等,泽,zé
2910,高等,贼,zéi
2911,一级,怎,zěn
2912,三级,增,zēng
2913,五级,赠,zèng
2914,六级,扎,zhā
2915,高等,扎,zā
2916,高等,扎,zhá
2917,高等,渣,zhā
2918,高等,闸,zhá
2919,高等,眨,zhǎ
2920,高等,诈,zhà
2921,六级,炸,zhà
2922,高等,炸,zhá
2923,高等,榨,zhà
2924,五级,摘,zhāi
2925,六级,宅,zhái
2926,高等,窄,zhǎi
2927,六级,债,zhài
2928,高等,寨,zhài
2929,高等,沾,zhān
2930,高等,粘,zhān
2931,高等,瞻,zhān
2932,高等,斩,zhǎn
2933,高等,盏,zhǎn
2934,三级,展,zhǎn
2935,高等,崭,zhǎn
2936,二级,占,zhàn
2937,四级,战,zhàn
2938,一级,站,zhàn
2939,高等,绽,zhàn
2940,高等,蘸,zhàn
2941,三级,张,zhāng
2942,三级,章,zhāng
2943,高等,彰,zhāng
2944,五级,涨,zhǎng
2945,五级,掌,zhǎng
2946,四级,丈,zhàng
2947,高等,仗,zhàng
2948,高等,杖,zhàng
2949,高等,帐,zhàng
2950,六级,账,zhàng
2951,高等,胀,zhàng
2952,六级,障,zhàng
2953,四级,招,zhāo
2954,一级,找,zhǎo
2955,高等,沼,zhǎo
2956,四级,召,zhào
2957,高等,兆,zhào
2958,高等,赵,zhào
2959,二级,照,zhào
2960,高等,罩,zhào
2961,高等,肇,zhào
2962,高等,遮,zhē
2963,四级,折,zhé
2964,高等,折,zhē
2965,六级,哲,zhé
2966,高等,辙,zhé
2967,二级,者,zhě
2968,一级,这,zhè
2969,高等,浙,zhè
2970,一级,着,zhe
2971,四级,着,zháo
2972,高等,着,zhuó
2973,高等,贞,zhēn
2974,四级,针,zhēn
2975,高等,侦,zhēn
2976,五级,珍,zhēn
2977,一级,真,zhēn
2978,五级,诊,zhěn
2979,高等,枕,zhěn
2980,四级,阵,zhèn
2981,五级,振,zhèn
2982,五级,震,zhèn
2983,六级,镇,zhèn
2984,三级,争,zhēng
2985,四级,征,zhēng
2986,高等,睁,zhēng
2987,高等,筝,zhēng
2988,高等,蒸,zhēng
2989,高等,拯,zhěng
2990,三级,整,zhěng
2991,一级,正,zhèng
2992,三级,证,zhèng
2993,高等,郑,zhèng
2994,四级,政,zhèng
2995,五级,挣,zhèng
2996,高等,挣,zhēng
2997,六级,症,zhèng
2998,四级,之,zhī
2999,三级,支,zhī
3000,三级,汁,zhī
3001,高等,芝,zhī
3002,六级,枝,zhī
3003,一级,知,zhī
3004,高等,肢,zhī
3005,五级,织,zhī
3006,高等,脂,zhī
3007,五级,执,zhí
3008,二级,直,zhí
3009,三级,值,zhí
3010,三级,职,zhí
3011,四级,植,zhí
3012,六级,殖,zhí
3013,三级,止,zhǐ
3014,二级,只,zhǐ
3015,三级,只,zhī
3016,高等,旨,zhǐ
3017,四级,址,zhǐ
3018,二级,纸,zhǐ
3019,三级,指,zhǐ
3020,三级,至,zhì
3021,三级,志,zhì
3022,高等,帜,zhì
3023,三级,制,zhì
3024,四级,质,zhì
3025,四级,治,zhì
3026,高等,峙,zhì
3027,高等,挚,zhì
3028,四级,致,zhì
3029,高等,秩,zhì
3030,高等,窒,zhì
3031,四级,智,zhì
3032,高等,滞,zhì
3033,四级,置,zhì
3034,高等,稚,zhì
3035,一级,中,zhōng
3036,四级,中,zhòng
3037,六级,忠,zhōng
3038,三级,终,zhōng
3039,二级,钟,zhōng
3040,高等,衷,zhōng
3041,六级,肿,zhǒng
3042,三级,种,zhǒng
3043,四级,种,zhòng
3044,高等,仲,zhòng
3045,三级,众,zhòng
3046,一级,重,zhòng
3047,二级,重,chóng
3048,高等,舟,zhōu
3049,高等,州,zhōu
3050,二级,周,zhōu
3051,高等,洲,zhōu
3052,六级,粥,zhōu
3053,高等,轴,zhóu
3054,高等,宙,zhòu
3055,高等,昼,zhòu
3056,高等,皱,zhòu
3057,高等,骤,zhòu
3058,高等,朱,zhū
3059,五级,珠,zhū
3060,高等,株,zhū
3061,六级,诸,zhū
3062,三级,猪,zhū
3063,五级,竹,zhú
3064,四级,逐,zhú
3065,高等,烛,zhú
3066,二级,主,zhǔ
3067,高等,拄,zhǔ
3068,六级,煮,zhǔ
3069,高等,嘱,zhǔ
3070,高等,瞩,zhǔ
3071,二级,助,zhù
3072,一级,住,zhù
3073,高等,贮,zhù
3074,三级,注,zhù
3075,六级,驻,zhù
3076,六级,柱,zhù
3077,三级,祝,zhù
3078,四级,著,zhù
3079,高等,铸,zhù
3080,五级,筑,zhù
3081,三级,抓,zhuā
3082,高等,爪,zhuǎ
3083,高等,拽,zhuài
3084,三级,专,zhuān
3085,高等,砖,zhuān
3086,三级,转,zhuǎn
3087,六级,转,zhuàn
3088,六级,赚,zhuàn
3089,高等,撰,zhuàn
3090,高等,妆,zhuāng
3091,六级,庄,zhuāng
3092,高等,桩,zhuāng
3093,二级,装,zhuāng
3094,六级,壮,zhuàng
3095,三级,状,zhuàng
3096,五级,撞,zhuàng
3097,高等,幢,zhuàng
3098,三级,追,zhuī
3099,高等,坠,zhuì
3100,高等,缀,zhuì
3101,一级,准,zhǔn
3102,高等,拙,zhuō
3103,六级,捉,zhuō
3104,一级,桌,zhuō
3105,高等,灼,zhuó
3106,高等,卓,zhuó
3107,高等,浊,zhuó
3108,高等,酌,zhuó
3109,高等,琢,zhuó
3110,六级,咨,zī
3111,高等,姿,zī
3112,高等,兹,zī
3113,三级,资,zī
3114,高等,滋,zī
3115,一级,子,zǐ
3116,五级,紫,zǐ
3117,二级,自,zì
3118,一级,字,zì
3119,六级,宗,zōng
3120,四级,综,zōng
3121,高等,踪,zōng
3122,三级,总,zǒng
3123,六级,纵,zòng
3124,高等,粽,zòng
3125,一级,走,zǒu
3126,六级,奏,zòu
3127,高等,揍,zòu
3128,二级,租,zū
3129,三级,足,zú
3130,高等,卒,zú
3131,三级,族,zú
3132,四级,阻,zǔ
3133,二级,组,zǔ
3134,六级,祖,zǔ
3135,六级,钻,zuān
3136,高等,钻,zuàn
3137,二级,嘴,zuǐ
3138,一级,最,zuì
3139,六级,罪,zuì
3140,五级,醉,zuì
3141,五级,尊,zūn
3142,五级,遵,zūn
3143,一级,昨,zuó
3144,一级,左,zuǒ
3145,高等,佐,zuǒ
3146,一级,作,zuò
3147,一级,坐,zuò
3148,二级,座,zuò
3149,一级,做,zuò
